URL,Headline,Channel,Status,Matched Keywords,Views,Likes,Publish Date
https://www.youtube.com/watch?v=MLgtpnQ8IUo,Operationalizing Threat Intelligence with Recorded Future,CISO Series,Relevant,"intelligence, threat",90,6,09 Feb 2026
https://www.youtube.com/watch?v=-N89tCovqHU,Autonomous Threat Hunting in Action,Recorded Future,Relevant,threat,47,2,05 Feb 2026
https://www.youtube.com/watch?v=XVM8SgiNUX0,Miss Lonelyhearts and the money mules,The Record from Recorded Future News ,Context Missing,"Brand found, no must-have keyword",33,1,13 Feb 2026
https://www.youtube.com/watch?v=8908vmJgmcA,"AOA Leaders Summit 2026: The Battles, Wins, and Priorities Shaping Optometry",The Power Hour: The Optometry Podcast,Irrelevant (Excluded),Excluded by: optometry,64,0,13 Feb 2026
https://www.youtube.com/watch?v=RtxHVBaP4Rk,WHAT DID THE PROPHET’S FACE REALLY LOOK LIKE? (AUTHENTIC HADITH DESCRIPTION),Religious Story TV,Irrelevant (Excluded),Excluded by: prophet,68445,2463,13 Feb 2026
https://www.youtube.com/watch?v=5CmM9ZZga9Y,[11] CS 1.6 with me - Just play games and relax! (fy_iceworld) (No commentary),Counter Strike 1.6 with me,Irrelevant (Excluded),Excluded by: counter strike,22,0,13 Feb 2026
https://www.youtube.com/watch?v=0PwqV85BvPE,God of War Sons of Sparta - Gameplay Walkthrough Part 1 (No Commentary),RoamWithRebble,Irrelevant (Excluded),Excluded by: gameplay,304,3,13 Feb 2026
https://www.youtube.com/watch?v=IQL0sNeft4s,🔥4K！EP181-186 完整版来袭！萧炎二星斗圣回归！天府联盟正式集结反攻魂殿！,苍穹漫域 Anime Realm,Irrelevant (Excluded),Excluded by: anime,2167,41,13 Feb 2026
https://www.youtube.com/watch?v=ZJDL4QpCsHA,A Silent Walk Through Japan’s Origins with My Dog | Nara Cinematic Slow Travel Vlog,SOPHIE TRIP,Irrelevant (Excluded),Excluded by: vlog,72,5,13 Feb 2026
https://www.youtube.com/watch?v=hNWOI9BIb0s,Ferrari FXX K vs Extreme Hypercars - Forza Horizon 5 | Thrustmaster T300 RS gameplay,Inv3rs,Irrelevant (Excluded),Excluded by: gameplay,50,2,13 Feb 2026
https://www.youtube.com/watch?v=cw3tAtO9LWY,Racing Xperience Driving Sim Gameplay Ultra Realistic - Supra MK4 - Android Game 2026,KROMINOS X,Irrelevant (Excluded),Excluded by: gameplay,209,4,13 Feb 2026
https://www.youtube.com/watch?v=ZG3KhuFuSv8,MULTISUB📢新番上线《都市神医之百代传承》第1~100集丨陈路意外觉醒百世轮回记忆，获得高超医术知识，开启开挂人生！#漫剧 #破晓动漫社,破晓动漫社 Dawn Anime Club,Irrelevant (Excluded),Excluded by: anime,11573,157,13 Feb 2026
https://www.youtube.com/watch?v=ZMJEgUcKNpo,MULTISUB📢新番上线《解锁撸毛成神系统后，我成了兽娘救世主》第1~60集丨穷小子凌飞惨遭羞辱，意外觉醒撸毛成神系统！昔日收养的流浪小动物竟变身绝美兽娘，与之结契即获逆天异能！#破晓动漫社,破晓动漫社 Dawn Anime Club,Irrelevant (Excluded),Excluded by: anime,1773,47,13 Feb 2026
https://www.youtube.com/watch?v=GciaeCZ9d74,MULTISUB📢新番上线《我的异能是社死》第1~60集丨社恐青年林凡穿越到以“羞耻心”为能量本源的异世界，这里招式越尴尬、越羞耻，爆发的“耻力”就越恐怖！#漫剧 #破晓动漫社,破晓动漫社 Dawn Anime Club,Irrelevant (Excluded),Excluded by: anime,1811,19,13 Feb 2026
https://www.youtube.com/watch?v=0BqfP1cYbGI,（最新完结）Multi sub💥💥💥【跨越时间线：我财神缺钱很合理吧】异类入侵，人类危在旦夕。就在天命者们苦苦摸索救世之路时，我却能跨越时间线！ #穿越 #次元动漫  #破界 #動漫,破界动漫局 Anime Club,Irrelevant (Excluded),Excluded by: anime,1806,19,13 Feb 2026
https://www.youtube.com/watch?v=yxBGQOguXks,（最新完结）Multi sub💥💥💥【震惊！洞房夜丑妻竟变绝美女帝】就为了一口仙灵鸡腿，落魄废太子王腾竟然娶了全城最丑的女人——柳颜汐 #穿越 #次元动漫  #破界 #動漫,破界动漫局 Anime Club,Irrelevant (Excluded),Excluded by: anime,1136,17,13 Feb 2026
https://www.youtube.com/watch?v=zUoNxDR12NA,❓❓渣男嫌她醜？煉金術一覺醒，治疤變美、點石成金封神！✨#movie #精彩影视 #drama #短剧 #chinesedrama #影视聚焦 #anime #宫斗 #影視解説 #搞笑,零点短剧,Irrelevant (Excluded),Excluded by: anime,60200,777,13 Feb 2026
https://www.youtube.com/watch?v=xUJwurBr7AQ,❗被渣男嫌醜有疤？她覺醒萬物煉金術，秒變女神狂賺百億！💦💦💦#短剧 #drama #movie #精彩影视 #影视聚焦 #chinesedrama #anime #影視解説 #搞笑 #穿越,微光社,Irrelevant (Excluded),Excluded by: anime,1559,18,13 Feb 2026
https://www.youtube.com/watch?v=bmtGGvng36k,Making Sure Everyone is Still ALIVE! - Let's Play Minecraft 693,Dallasmed65,Irrelevant (Excluded),Excluded by: minecraft,9208,924,13 Feb 2026
https://www.youtube.com/watch?v=_oNdugY2jP8,The Forbidden Prophecy That Led to a Holy War | Cathar Heresy,Hidden Epochs,Irrelevant (Excluded),Excluded by: prophecy,9,1,12 Feb 2026
https://www.youtube.com/watch?v=QaPzEmTi6Lc,Sneaky creeper (Lego Minecraft sounds test animation),EtechAnimations,Irrelevant (Excluded),Excluded by: minecraft,44,2,12 Feb 2026
https://www.youtube.com/watch?v=kE5ncGGoIM4,BackWards - Virtual Instrument - Hip Hop - Plugins - Loop Dilla,Loop Dilla,Irrelevant (Excluded),Excluded by: hip hop,22,2,12 Feb 2026
https://www.youtube.com/watch?v=4RWZWe0lrxM,Building the First Castle :: Kingdom Survival Ep. 6 :: Minecraft Let's Play,TGibby Films,Irrelevant (Excluded),Excluded by: minecraft,7,0,12 Feb 2026
https://www.youtube.com/watch?v=rYp1ofbdhzI,"HYTALE Live Gameplay – Building, Adventure, and Early Progression",SeliG,Irrelevant (Excluded),Excluded by: gameplay,13,1,12 Feb 2026
https://www.youtube.com/watch?v=xvBS7iGAqvQ,No New Zones in ESO? Devs Finally Reveal The Truth,GRAVE GAMING ,Irrelevant (Excluded),Excluded by: gaming,4609,191,12 Feb 2026
https://www.youtube.com/watch?v=tVjo0Fnulzc,Mi PROBLEMA al volver a ESPAÑA tras 7 AÑOS FUERA + Mis ÚLTIMOS DÍAS en JAPÓN 🇯🇵 🇪🇸 VLOG + me sincero,Anshin Doyle,Irrelevant (Excluded),Excluded by: vlog,5078,519,12 Feb 2026
https://www.youtube.com/watch?v=EesHPGcUrp8,"Which Way, America? Night 10 | Bible Prophecy Seminar Series",Highland Adventist,Irrelevant (Excluded),Excluded by: prophecy,0,1,12 Feb 2026
https://www.youtube.com/watch?v=ybZWggYVYtY,"Which Way, America? Night 8 | Bible Prophecy Seminar Series",Highland Adventist,Irrelevant (Excluded),Excluded by: prophecy,0,0,12 Feb 2026
https://www.youtube.com/watch?v=h8RUARitK8Y,2v4 for Sometime ❤️  BATTLE GROUND MOBILE INDIA #short #pubgmobile #facecam,Alexa Gaming,Irrelevant (Excluded),Excluded by: gaming,18264,831,12 Feb 2026
https://www.youtube.com/watch?v=y5iNEykbRPg,NBA 2K26 ( 4K HDR PS5 Pro ) Gameplay –Unreal Graphics &Realistic NBA Action | PS5 Pro HDR GAMEPLAY ,Broty Gaming Network ,Irrelevant (Excluded),Excluded by: gameplay,25,0,12 Feb 2026
https://www.youtube.com/watch?v=j1YTGmNaoYI,【FULL】Transmigrated into a Cultivation World—I Level Up through Farm System!#minidrama#system,RushMiniDrama,Irrelevant,,19514,381,13 Feb 2026
https://www.youtube.com/watch?v=kspXozUUvkc,Jimin & Jungkook Spotted Again at Incheon Airport—Secret Destination Revealed? 👀✈️,Jikook Diary,Irrelevant,,1695,61,13 Feb 2026
https://www.youtube.com/watch?v=fhEuOh9zZq0,GO LIVE Feature Just Dropped (Game Changer?),Ray O'Daniel,Irrelevant,,177,9,13 Feb 2026
https://www.youtube.com/watch?v=eBnQ6qxoMr8,The Epstein Files Are an X-Ray of How Power Works | The Ezra Klein Show,The Ezra Klein Show,Irrelevant,,526084,12969,13 Feb 2026
https://www.youtube.com/watch?v=SEG_eOq8EwE,THE GENERATOR! | Hermitcraft Season 11 | Ep.9,SmallishBeans,Irrelevant,,405138,36525,13 Feb 2026
https://www.youtube.com/watch?v=6P0uTDGDr-I,"The Post-Employee Era: AI CEOs Arrive, Tasks Evaporate (Not Jobs), The Solve Everything Paper #230",Peter H. Diamandis,Irrelevant,,192423,4346,13 Feb 2026
https://www.youtube.com/watch?v=X6QFN3tX82Q,Filipiny - Nie ma prądu na Siquijor… więc trafiliśmy do luksusowego resortu! 😅🌴 leniwy dzień 😊,Aleksander Wojtysiak - między światami,Irrelevant,,1815,168,13 Feb 2026
https://www.youtube.com/watch?v=pwaPofW-ALI,"🌻 Healing Piano & Nature Sounds 🌿 Stress Relief, Emotional Balance & Deep Rest",ASMR Healing Sounds,Irrelevant,,1244,10,13 Feb 2026
https://www.youtube.com/watch?v=pbtxsFWdW9I,"THE GOLD CLIFF: Why Gold Broke $5,000 & the ""Weekend Lock""",The Financial Coin Historian,Irrelevant,,590,25,13 Feb 2026
https://www.youtube.com/watch?v=ycNGjq3457A,Powerful Background Trend Shift Metric,MY FUTURE SUCCESS ,Irrelevant,,2801,119,13 Feb 2026
https://www.youtube.com/watch?v=-k6EhDARhGI,"Cleveland's Mayor, Seattle's Future: What happens when a city's economy shifts",GeekWire,Irrelevant,,24,1,13 Feb 2026
https://www.youtube.com/watch?v=tHBNOT-nIkc,😈 Las 5 creencias que te limitan como guitarrista🔥,SANNY FONTA,Irrelevant,,669,64,13 Feb 2026
https://www.youtube.com/watch?v=2klYiUmGsQ8,"Board of Education Budget Work Session & Public Hearing Meeting February 12, 2026",PGCPS,Irrelevant,,301,1,13 Feb 2026
https://www.youtube.com/watch?v=mdfjhJHXd7s,A Nurse Sent Me Message: “Cancel Your Plans.” What She Told Me About My Daughter Changed Everything,Echoed Vengeance,Irrelevant,,24,0,13 Feb 2026
https://www.youtube.com/watch?v=XcqTzZsCGyw,My Husband Hid a Secret in Our House for Years—Then I Finally Discovered What He Was Afraid I'd F...,Bliss Revenge Diary ,Irrelevant,,6,1,13 Feb 2026
https://www.youtube.com/watch?v=LdcAqfCYhks,Mafia 4 is Cancelled... Sort Of,Mafia Game Videos,Irrelevant,,41045,1965,13 Feb 2026
https://www.youtube.com/watch?v=GgS4JJWKvDM,Live Market Talk: Futures Trading with David Green & Peter Tuchman,Wall Street Global Trading Academy,Irrelevant,,794,42,13 Feb 2026
https://www.youtube.com/watch?v=jSYETRHvzH0,Intentional Coaching - Be Intentional. Be You. is live,Intentional Coaching - Be Intentional. Be You.,Irrelevant,,88,1,13 Feb 2026
https://www.youtube.com/watch?v=UGzEzWauNTg,HOA Sold My Property While I Was Deployed — The Military Reversal Wiped Out Their Subdivision!,HOA Stories Global,Irrelevant,,78,3,13 Feb 2026
https://www.youtube.com/watch?v=s8V2Dcqr0Ac,Built2Exit: Sales and Marketing Strategies,Exit Planning With Prometis Partners Inc.,Irrelevant,,7,1,13 Feb 2026
https://www.youtube.com/watch?v=8afF4cu6V0M,Antuan. - Maybe This Time (Official Video),Antuan.,Irrelevant,,85,5,13 Feb 2026
https://www.youtube.com/watch?v=G21nXu10sQM,Grade 10 & 11 Night,Trent University,Irrelevant,,17,0,13 Feb 2026
https://www.youtube.com/watch?v=tP-rT0gGbSY,How China Transformed From Poverty to Power — A Model the World Is Studying,InfoTalkings,Irrelevant,,10,4,13 Feb 2026
https://www.youtube.com/watch?v=LnArtionY5I,This Information Was Buried in The Code: BTS $100M ARIRANG Secrets Decoded 👀,Army Central HQ,Irrelevant,,282,15,13 Feb 2026
https://www.youtube.com/watch?v=_bGsOeYhrMI,AI in recruitment – research results 13 February 2026,Funka Foundation,Irrelevant,,29,0,13 Feb 2026
https://www.youtube.com/watch?v=s5zhde5CGe4,Feudalism Never Ended It Was Repackaged as Modern Finance,The Financial Shadow,Irrelevant,,14,0,13 Feb 2026
https://www.youtube.com/watch?v=MqvnAcGjnZo,"Algorithmic Idealism: A New Physics of Reality | Markus Müller, PhD",Quantum Theory Podcast,Irrelevant,,134,5,13 Feb 2026
https://www.youtube.com/watch?v=zD3FxjXmrk4,You Touched Heaven Today — God Is Beyond Delighted by What You Did | C.S Lewis Sermons,Faith & Eternal Thought,Irrelevant,,234,19,13 Feb 2026
https://www.youtube.com/watch?v=thXxK1VJRsg,"My Fiancé Cancelled Our Wedding for His ""Soulmate,"" So I Turned the Ceremony Into Their Funeral.",Stroy Spark,Irrelevant,,40,2,13 Feb 2026
https://www.youtube.com/watch?v=u3xC1b3mxfo,What's REALLY Going On (It's time for an update),Brass Man Reptiles,Irrelevant,,1024,96,13 Feb 2026
https://www.youtube.com/watch?v=oZUpxjromqY,What Really Happens on a Women’s Group Trip: From Fear to Freedom,Mary Giordano,Irrelevant,,2,0,13 Feb 2026
https://www.youtube.com/watch?v=jw9fJd5ljBs,Zostawiłem rodzinę w Polsce... Prawda o EMIGRACJI 💔,co u saniaków słychać,Irrelevant,,381,30,13 Feb 2026
https://www.youtube.com/watch?v=GHqx7M2P9W0,"Grain Markets Feel Different in 2026 Canola, Oats & Barley Strategy",What the Futures! Podcast,Irrelevant,,740,19,13 Feb 2026
https://www.youtube.com/watch?v=PNzOwOM5f4g,Picking Winners in the AI Arms Race with Dick Costolo and Brad Keywell,Summit,Irrelevant,,295,2,13 Feb 2026
https://www.youtube.com/watch?v=SMNKQR-cSeI,Breakpoint 2025: DFlow ft. Nitesh Nath,Real Vision Presents,Irrelevant,,385,11,13 Feb 2026
https://www.youtube.com/watch?v=Nhu7GjJTnx8,ЗАЧЕМ ВЫ ЕЙ нужны? расклад для мужчин,OlgaMariaTarot ТАРО ДЛЯ МУЖЧИН,Irrelevant,,696,59,13 Feb 2026
https://www.youtube.com/watch?v=MJ6w1KPuBsQ,MAURITSHUIS Museum 🇳🇱 HOLANDA | Den Haag (Haia) #paísesbaixos ,Alex Guimarães,Irrelevant,,83,9,13 Feb 2026
https://www.youtube.com/watch?v=3g7TqnYbT6U,When Faith Cost Everything: A DNA Story,DNAngels Org,Irrelevant,,957,93,13 Feb 2026
https://www.youtube.com/watch?v=fryjlS2t1P8,Lee Jackson on 80s Sunset Strip Marshall Mods and the Birth of High-Gain Guitar Tone,The Marshall Modification Project,Irrelevant,,3192,70,13 Feb 2026
https://www.youtube.com/watch?v=NWm3MwkUGXg,Why Canada Lost 70% of Incoming Millionaires (Some Leaving),Aaron Money Mindset,Irrelevant,,161,16,13 Feb 2026
https://www.youtube.com/watch?v=bFSgndJVRDI,Bonus - KAM Pub Spotlight - The Pub Customer Perpsective,"Captive Conversations, The Hospitality Podcast",Irrelevant,,6,0,13 Feb 2026
https://www.youtube.com/watch?v=tpr53iy09B4,Exclusive: Hawley Pulls Out a RECORDING Mid-Hearing — the Look on His Face Says EVERYTHING. WATCH,The Next News Network,Irrelevant,,23512,2018,13 Feb 2026
https://www.youtube.com/watch?v=7Fhd3R4r2gQ,The Future of the Indirect Tax Function,Marosa VAT,Irrelevant,,11,0,13 Feb 2026
https://www.youtube.com/watch?v=9xHK5dCT6fA,Marosa New HQ Inauguration - November 2025,Marosa VAT,Irrelevant,,58,2,13 Feb 2026
https://www.youtube.com/watch?v=p4vLECGKIJQ,شیطان دامن‌پوش: ۱۷ قتل سریالی فقط برای خرید ودکا! (222) پرونده جنایی,Rita True Crime 🖤 ریتا تروکرایم,Irrelevant,,11965,747,13 Feb 2026
https://www.youtube.com/watch?v=4zhmmCwxCDg,Is Claudia Sheinbaum the Woman Baba Vanga Warned Us About?,The Interconnected Zone (TIZ),Irrelevant,,7422,581,13 Feb 2026
https://www.youtube.com/watch?v=-vNgOmzh1B4,Hindi:16th to 22 nd Feb🌟 साप्ताहिकTarot card ReadingLove💕work 💵 Finances psychic 💵Finances,111Sambhavi's Astro&Tarot,Irrelevant,,1834,242,13 Feb 2026
https://www.youtube.com/watch?v=vnB6aImGIDY,Poppy Playtime Chapter 5 in Only 5 Days - New Official Secret PICTURE and 3D MODEL,PaninoTUBE International,Irrelevant,,5949,280,13 Feb 2026
https://www.youtube.com/watch?v=8LxRbnpBf4s,"Racist Cop Arrests Black Man Loading His Truck — He’s a Navy SEAL Commander, Wins $600K",Black Truth Files TV,Irrelevant,,74,24,13 Feb 2026
https://www.youtube.com/watch?v=zz61N6qzf3Q,"School Board Meeting, February 10, 2026",VBSchools,Irrelevant,,149,0,13 Feb 2026
https://www.youtube.com/watch?v=RkxL6m3pFew,Overnight Sensation 08丨His affair ruined her pregnancy; her revenge cost him all,CN DRAMA,Irrelevant,,35,0,13 Feb 2026
https://www.youtube.com/watch?v=MENx086-nnE,Psalm 119 (Part 3 of 4) - Healing Insights from the Psalms,Timeless Healing Insights,Irrelevant,,15,0,13 Feb 2026
https://www.youtube.com/watch?v=uDaqEPYjb2A,அந்தர் பல்டி  | 13-Feb Post Report | நீங்களும் உங்க.... ? #Russia,Arjun Pangu Market (SEBI Regd IA) 🏹,Irrelevant,,23529,1274,13 Feb 2026
https://www.youtube.com/watch?v=kxTqKS-0Kmg,The Haunted Mirror That Recorded My Reflection Committing a Murder in 2026 | True Horror Story,Creepy Hub,Irrelevant,,75,2,13 Feb 2026
https://www.youtube.com/watch?v=JtqkLtifPes,Inside a Community-Driven Golf Event at Dick’s House of Sport,A Day in Miami,Irrelevant,,15,0,13 Feb 2026
https://www.youtube.com/watch?v=1lMrhNTLemg,i9 Investigation: What is property fraud and how can you fight it?,KCRG-TV9: Your Trusted Local News Source,Irrelevant,,12,0,13 Feb 2026
https://www.youtube.com/watch?v=nwAZzO5kB6g,睡前故事｜李文忠：在朱元璋身旁长大的将军，为何没能走到最后？,聲入歷史,Irrelevant,,458,11,13 Feb 2026
https://www.youtube.com/watch?v=knzwe4XCMR8,Crypto Policy & The Future of Multicoin with Greg Xethalis,Galaxy,Irrelevant,,416,7,13 Feb 2026
https://www.youtube.com/watch?v=eyzdObCJKd0,Uncomfortable Questions in Unstable Times | Frankly 125,Nate Hagens,Irrelevant,,18354,1196,13 Feb 2026
https://www.youtube.com/watch?v=YBzq1KF_01s,Plus One കുട്ടികൾക്ക് ഒരു സന്തോഷവാർത്ത....Crash Batch ഇനി Free ആയി ഉപയോഗിക്കാം..!,Exam Winner Plus One,Irrelevant,,6757,257,13 Feb 2026
https://www.youtube.com/watch?v=KGy1-1BzWks,2026火馬年終極警報：隱形戰爭爆發？疾病X來襲、JIPT強震、台海「時間到了」—普萊×閻王預言全解析| ByBy,ByBy,Irrelevant,,13956,187,13 Feb 2026
https://www.youtube.com/watch?v=M7RAAziECEs,"CEO dumped wife for mistress—5 yrs later she returns with twins,he kneels & begs forgiveness!",Evernova Drama,Irrelevant,,23403,404,13 Feb 2026
https://www.youtube.com/watch?v=V3judTp0sc8,Tech masa depan!? BINARYACOUSTICS EP321 MEMS,aftersound review,Irrelevant,,1594,62,13 Feb 2026
https://www.youtube.com/watch?v=T986uM2qWz8,Cronin Awards 2025: Expanding Outreach for Scalable Success: Multi-Supplier Business Reviews,NASPO Research & Innovation,Irrelevant,,22,1,13 Feb 2026
https://www.youtube.com/watch?v=kpzjPCcloL4,Voluntary Police Interview | Olliers Solicitors,Olliers Solicitors,Irrelevant,,31,2,13 Feb 2026
https://www.youtube.com/watch?v=N0H18-WYS-k,SECRETS to Smart Financial Management with Kadrian Ernest,Game Changers Hub: Business & Success,Irrelevant,,2,0,13 Feb 2026
https://www.youtube.com/watch?v=2ALn-3lFb_I,窮小夥婚禮上被拋棄，怎料眼尖的首富認出他是兵王後代，當場出2億彩禮求他娶他的女總裁孫女！#爽劇 #逆襲 #反轉,烈焰爽劇SHORT,Irrelevant,,27106,236,13 Feb 2026
https://www.youtube.com/watch?v=R4VzPogp3-g,【速報考察】京成電鉄：成田空港アクセスの更なる強化内容発表,鉄道業界考察,Irrelevant,,9654,289,13 Feb 2026
https://www.youtube.com/watch?v=VPu36iiVqbo,"WHAS11 Top Stories: GMK 6 a.m. Feb. 13, 2026",WHAS11,Irrelevant,,184,3,13 Feb 2026
https://www.youtube.com/watch?v=WMtfXvgkjOE,"Preparing a bunch of hazel saplings for a customer - grow food, not lawns",Crina-Ludmila Cristea Independent Author,Irrelevant,,25,1,13 Feb 2026
https://www.youtube.com/watch?v=V2Sf1fTq0X8,"God knows everything, Jesus didn't!",The Bible Standard - Rediscover Bible Truth!,Irrelevant,,89,5,13 Feb 2026
https://www.youtube.com/watch?v=LtSTyzqp_pw,"Storms, rain and the hard life of nomads | Tree planting in torrential rain",polh,Irrelevant,,5508,217,13 Feb 2026
https://www.youtube.com/watch?v=ak_HF-z68HM,Why Jupiter Has A Storm That Could Swallow Earth For Centuries,Dark Sky Dive,Irrelevant,,12,1,13 Feb 2026
https://www.youtube.com/watch?v=lN2fzH_CX3o,❄【MOVIE】女孩的媽媽出車禍，帥小夥自責痛哭，怨恨自己沒有保護她！ #好看中国电视剧 #爱情,XiXi DramaHub,Irrelevant,,1004,7,13 Feb 2026
https://www.youtube.com/watch?v=x9V9xWqx2Gg,"【FULL】He Transmigrated into Cultivation World,Awakens Live Stream System!#minidrama#system",RushMiniDrama,Irrelevant,,23198,501,13 Feb 2026
https://www.youtube.com/watch?v=RNOGgUrVNt0,Plus One Model Exam Last 3 Days Comeback Plan.! Exam Winner,Exam Winner Plus One,Irrelevant,,35019,3225,13 Feb 2026
https://www.youtube.com/watch?v=9jWFB46zVqg,Case Study: Reimagining the Guest Journey: From Human-Driven to AI-Enhanced Hospitality,Redd Media,Irrelevant,,5,0,13 Feb 2026
https://www.youtube.com/watch?v=_Fw5NDpnmgI,[Multi SUB] （全集）混混穿成修仙炮灰，一月后要被赶出宗门遭情敌杀害。觉醒万界直播间系统，抽福袋换功法，反杀杀手、擂台干翻情敌——直播间观众都看傻了#最火短剧推荐 #短剧全集 #精彩大陆短剧,逆天剧场,Irrelevant,,3275,48,13 Feb 2026
https://www.youtube.com/watch?v=nyT_aak4qrM,《玄界之门》第13话花絮：石牧完全领悟气感【加入会员享最新集】,哔哩哔哩动画Anime Made By Bilibili - 欢迎订阅 -,Irrelevant,,3767,78,13 Feb 2026
https://www.youtube.com/watch?v=LaJU0rvadx4,"CEO Soltera 20 Años se Casa con un Mendigo, ¡Pero Es un Dios de la Guerra Oculto!",Toro TV,Irrelevant,,6339,51,13 Feb 2026
https://www.youtube.com/watch?v=AFGhKjroK4I,👼🏻六年前的一夜情，程时念带着孩子归来，却发现闺蜜顶替了自己的身份！#short#shorts#shortsvideo#drama#minidrama #异能 #短劇 #萌寶#萌娃,家常伦理小剧场,Irrelevant,,694,1,13 Feb 2026
https://www.youtube.com/watch?v=4cm57g40L1g,Elon Musk's Master Plan: The Reason Everyone is Leaving xAI,Limitless Podcast,Irrelevant,,8642,276,13 Feb 2026
https://www.youtube.com/watch?v=bhwGkO9-F4M,Which PhD is suitable for both corporate and academic future? Dr Chaudhary Sir Mathstats @8810409392,"Mathstats : IIT-JAM, GATE, NET, CUET, ISI.",Irrelevant,,475,16,13 Feb 2026
https://www.youtube.com/watch?v=vyiAGH0uxQI,剛穿越就被太太迷暈？小夥綁定神級系統逆天改命，種田發家暴妻護家，一槍定乾坤成亂世權臣！#短劇 #爽文#穿越,戲精短劇,Irrelevant,,87108,1195,13 Feb 2026
https://www.youtube.com/watch?v=zCnYUNjIwAQ,W D GANN -Nifty trend & levels.23000 or 20000? 16-20 Feb 2026#artoftrading #ganncourse #stockmarket,Art Of Trading,Irrelevant,,9264,779,13 Feb 2026
https://www.youtube.com/watch?v=jbzFZoRFa1s,BHF Heart Matters Live: High blood pressure – how to lower it,British Heart Foundation,Irrelevant,,667,0,13 Feb 2026
https://www.youtube.com/watch?v=0d1_265JsQk,她一睜眼穿成病嬌男主的惡毒繼姐，唯一的任務就是折磨男主，讓他走上強制愛女主的劇情，她盡兢兢業業完成任務，卻沒想到男主確實變態了，但變態的對象好像換了：姐姐哭起來更漂亮了呢#甜宠 #先婚后爱,劇好追,Irrelevant,,15539,288,13 Feb 2026
https://www.youtube.com/watch?v=-MBLvzk68G4,Valentine’s Day Forecast: Beautiful Saturday ahead | FOX 5 AT 6AM,FOX 5 Washington DC,Irrelevant,,356,1,13 Feb 2026
https://www.youtube.com/watch?v=sgQq_1JMBTs,පැය 7ක් පැවති විශ්වයේ ලොකුම පිපිරුම! NASA මවිත කළ GRB 250702B රහස |  Space Explosion Ever Recorded,Media M,Irrelevant,,4885,190,13 Feb 2026
https://www.youtube.com/watch?v=kpfm3AtiWno,"太陽のエチュード！/ 田中彬博 from NEW ALBUM「Present」 - ""Etude of The Sun"" AKIHIRO TANAKA",田中彬博 | AKIHIRO TANAKA Official Channel,Irrelevant,,142,24,13 Feb 2026
https://www.youtube.com/watch?v=gEvfQX5F7X8,IT Stocks Crash: Is AI Destroying Indian IT companies Business Model? | The N Show,Neeraj Bajpai,Irrelevant,,37996,1381,13 Feb 2026
https://www.youtube.com/watch?v=6cais7ewu7g,完整版💥陳偉霆出軌秘書，趙露思留下離婚協議離開家，陳偉霆看著空蕩蕩的家徹底後悔了！#陈伟霆#赵露思,糖水煲剧TVSweetie,Irrelevant,,19540,103,13 Feb 2026
https://www.youtube.com/watch?v=InDz01lsFFI,"Man with history of spying on women to be released | CTV News Saskatoon at Six for Feb 13, 2026",CTV News,Irrelevant,,2535,8,13 Feb 2026
https://www.youtube.com/watch?v=7ASVSDKi9V0,LORT (Part 1),SuperHobbit Archive,Irrelevant,,1,0,13 Feb 2026
https://www.youtube.com/watch?v=kk_oE1WRXlQ,Luca Vlad - Mount Olympus (live),Luca Vlad,Irrelevant,,90,6,13 Feb 2026
https://www.youtube.com/watch?v=vfqOQeNW_Pk,"🤣CEO Plans A Romantic Date At Amusement Park, But Cinderella Brings Her Bestie Along！", CDrama Zone,Irrelevant,,204,2,13 Feb 2026
https://www.youtube.com/watch?v=unxKlKIE64U,"Virgo Love Tarot ♍️ They’re Returning For A Completely Fresh Start 😍💞 Are You Ready, Virgo? ❤️‍🔥🔮",Eternal Flame 1616,Irrelevant,,468,23,13 Feb 2026
https://www.youtube.com/watch?v=szg6G3XP30Y,【ENG SUB】 |【终极防线】EP08|⚡｜💥 特战小队深陷绝境防区，防线告破前的生死血战！🔥,007影院,Irrelevant,,300,3,13 Feb 2026
https://www.youtube.com/watch?v=iKu0lne4qOU,WHY EVERYONE SHOULD STUDY ROMANS--EARTH'S FINAL KINGDOM IS ROME'S KINGDOM OF IRON (Part-2),John Barnett Online Teaching,Irrelevant,,1799,88,13 Feb 2026
https://www.youtube.com/watch?v=uz96V3hqU70,市場洗牌了！ASMAX S2 Pro 安全帽藍牙耳機只要2600！最強Mesh對講騎士拍片設備來了！不用配對、靈犀雲連模式、超強降噪一次給你！,火花羅,Irrelevant,,33038,510,13 Feb 2026
https://www.youtube.com/watch?v=sHrJS2lSve8,VICTIMS OF THE FUTURE (Gary Moore) Cover by Tommy J,Tommy Johansson,Irrelevant,,46444,4686,13 Feb 2026
https://www.youtube.com/watch?v=DPlIUwDB698,Entrepreneurship and Product Development with AI | Developers still relevant? | Season 2 Ep 01,Inspired Talks Nepal,Irrelevant,,68,10,13 Feb 2026
https://www.youtube.com/watch?v=xeRh_Dm2ofI,Пастка для росіян чи шлях на Слов'янськ? Що відбувається під Сіверськом? Дрони 54-ї ОМБр,Ukrainian Witness,Irrelevant,,14557,830,13 Feb 2026
https://www.youtube.com/watch?v=xBB9Y2qgXag,WHY JIMIN'S LUXURY BRAND POWER IS ESSENTIAL FOR HYBE'S FUTURE,Asia Pop Central ,Irrelevant,,1508,134,13 Feb 2026
https://www.youtube.com/watch?v=l9FxZFBChhA,總裁認定妻子害死親妹，讓懷胎八月的她跪在雨中7天7夜贖罪！恨之入骨他虐妻成癮，怎料得知她流產慘死的消息，一向冷傲的他紅著眼跪在墓前乞求她回來！#星落化成冰霜#短劇 #drama #霸總 #追妻火葬場,桃夭剧场TopLove,Irrelevant,,12985,149,13 Feb 2026
https://www.youtube.com/watch?v=blPqDyJAHbE,"Reborn, I stopped vying with real heiress, yet she and her 3 brothers spoiled me, and CEO loved me!",Nana Drama,Irrelevant,,30732,529,13 Feb 2026
https://www.youtube.com/watch?v=cE6yt7CxR_M,她偏寵養子18年趕走親兒，最後卻他被親手送進精神病院慘死！睜眼重生歸來，她看穿一切真相當場斷親，將忽視18年的兒子立為首富繼承人，改寫命運！#重回那年,燚棠短剧NO1SHORTFILM,Irrelevant,,8112,71,13 Feb 2026
https://www.youtube.com/watch?v=XuV3N4pX8ns,真千金認親第一天就被親媽當小三趕出門；重生後她利用預知翻身成富豪，全家卻按她預言一個個破產 #大女主 #爽劇 #逆襲 #親情 #復仇,霸霸追爽劇ShortTV,Irrelevant,,15048,209,13 Feb 2026
https://www.youtube.com/watch?v=YBzzmuar5e0,數百名士兵欲欺壓小夥，哪料小夥僅用一招將他們全部擊倒！  #爽文 #古装  #胡歌 #cdrama,中剧影视,Irrelevant,,7853,104,13 Feb 2026
https://www.youtube.com/watch?v=ADanYbc0gZY,丈夫瞞著妻子在外偷偷養情人，怎料情人竟膽大包天找上妻子，上門挑釁！#出軌 #狗血 #家庭倫理,真情劇場,Irrelevant,,4172,14,13 Feb 2026
https://www.youtube.com/watch?v=DDDRYZqZU2I,“Still Bullish Gold”,Goldman Sachs,Irrelevant,,16432,0,13 Feb 2026
https://www.youtube.com/watch?v=EoPfcInUgiw,窮小夥意外獲得可以預知未來的日記，靠日記找到價值上億的翡翠，直接從窮小夥逆襲成大富豪，實現財富自由也太爽了！,暴爽追剧CoolMovie,Irrelevant,,2612,24,13 Feb 2026
https://www.youtube.com/watch?v=48jo954DYgI,前世我到死才知所有的恩愛都是渣男的謊言，重生後，我不哭不鬧默默看著渣男演戲，下一秒一個舉動讓他和心機女跪地求饒！| 我爱的人，伤我最深 #追妻火葬場 #霸总 #爱情 #短剧,怦然放映室,Irrelevant,,20994,233,13 Feb 2026
https://www.youtube.com/watch?v=2gXGndem6KM,The 60-Day Dating Plan That Actually Works | How Do We Manage?,How Do We Manage? Podcast,Irrelevant,,11,0,13 Feb 2026
https://www.youtube.com/watch?v=2vIn2T7C0i8,45歲賣魚婦遭逆子羞辱驅趕，轉身恢復記憶竟是失蹤三十年陸氏千金！儒雅未婚夫鼎力相助，她重掌商業帝國斷絕母子情——這一劍，劈開三十年錯位人生！#短劇  #家庭倫理 #女性覺醒  #手撕逆子,柚柚短劇社,Irrelevant,,2231,14,13 Feb 2026
https://www.youtube.com/watch?v=tWIdRUm54xM,【FULL】前世，我為了妻子甘願放棄一切，她卻聯合情夫陷害我害我入獄慘死，意外重生，我提前佈局，把他們送進監獄狠狠報復，讓這對狗男女自食其果！ #短劇 #逆襲 #爽文 #王权剧场,王权剧场King's Theatre,Irrelevant,,3217,31,13 Feb 2026
https://www.youtube.com/watch?v=CTEyQduKEDc,തിരുവിതാംകൂർ ദേവസ്വം ബോർഡ് Exam date വന്നു,CC General PSC,Irrelevant,,847,18,13 Feb 2026
https://www.youtube.com/watch?v=xRspbnmKNQg,They choose to drop this opportunity with you because they know it’s wrong (tarot card reading),VAL333TAROT,Irrelevant,,355,0,13 Feb 2026
https://www.youtube.com/watch?v=KKgf5HNaCVo,妹妹嫉妒我嫁得好，我講渣男拱手相讓，殊不知她看不上的才是潛力股！#短劇 #短劇推薦 #drama #逆襲 #愛情,暮暮短剧,Irrelevant,,4443,75,13 Feb 2026
https://www.youtube.com/watch?v=NtO-8qHhRWs,女總裁只帶個剛認回家的鄉下弟弟搶救首富，怎料他是隱世醫王殿主，1招讓病危首富恢復如初，女總裁姐弟情瞬間變質！#爽劇 #逆襲 #反轉 #短劇 #drama #男頻 #爽文,爽劇放映廳,Irrelevant,,878,9,13 Feb 2026
https://www.youtube.com/watch?v=9TACqdsGvOw,Friday the 13th Compilation,Geeky Tidbits,Irrelevant,,35,1,13 Feb 2026
https://www.youtube.com/watch?v=8GTy0Hlg4rQ,♊Gemini: You Planned This But Things Are Moving Faster Than Planned!| Feb 2026 Tarot,Ten of Cups Tarot,Irrelevant,,402,0,13 Feb 2026
https://www.youtube.com/watch?v=FlYWYC9tzdI,♉Taurus: When This Is Revealed You Stop Playing Small!| February 2026 Tarot,Ten of Cups Tarot,Irrelevant,,6179,0,13 Feb 2026
https://www.youtube.com/watch?v=BgVf3M_1nMM,Real Housewives Star Jill Zarin Fired for Bad Bunny Super Bowl Rant - Andy Cohen Responds,Nana Celeb,Irrelevant,,739,13,13 Feb 2026
https://www.youtube.com/watch?v=sOvTT3HFbaU,EAST COAST SEVERE WEATHER UPDATE | FRI 13 FEB 2026,Oz Industries Forecasting,Irrelevant,,77,0,13 Feb 2026
https://www.youtube.com/watch?v=wb4FfE9mGQQ,父親欠下鉅款逃出國，母親憑靠智慧和勇氣保護自己和女兒，反擊丈夫，最終送丈夫入監獄，抱頭痛苦悔不當初！,凤鸣剧场,Irrelevant,,222,0,13 Feb 2026
https://www.youtube.com/watch?v=fc3wIKURWdg,The Awkward Handshake Ep. 6: Values Matching: What Silence Costs in Business,Sensible Woo,Irrelevant,,4,0,13 Feb 2026
https://www.youtube.com/watch?v=U6_qc4BfUm8,【全集】妻子提前回家，竟看見閨蜜從臥室走出，當場崩潰大罵狗男女，丈夫嚇傻！ #陈晓 #王子文,微糖短剧,Irrelevant,,15290,69,13 Feb 2026
https://www.youtube.com/watch?v=3HWYmjS_5Cw,"Gagal kencan, dia menikah dengan CEO teman sekelas 10 tahun tak jumpa—ternyata dia mencintainya!",Drama Pendek Dora,Irrelevant,,330317,3949,13 Feb 2026
https://www.youtube.com/watch?v=EYsje1KdzKY,💖【Full Movie】風暴中心 08！ 💖#都市 #愛情 #戀愛 #甜寵 #楊冪 #張彬彬 #趙露思 #肖戰 #中國電視劇 | 歡迎訂閱,Sugar Moments-糖心时刻,Irrelevant,,434,3,13 Feb 2026
https://www.youtube.com/watch?v=oKgNJk1XZt0,她一睜眼穿成惡毒將軍夫人，為了苟命她抱緊夫君大腿，沒想到竟意外激活電器空間，憑藉冰箱高壓鍋解決軍營斷糧危機成军营团宠，回京後利用現代科技打臉虐渣打臉，成誥命夫人榮寵一世！#古装言情 #重生复仇 #穿越,青鸾枕夢劇,Irrelevant,,24743,445,13 Feb 2026
https://www.youtube.com/watch?v=PMZYeBHmoXE,我是總裁白月光的替身，2年來恪盡職守，但絕不走心，可是正主回歸那天我才發現，總裁好像一直愛的都是我#甜宠,追劇鴨,Irrelevant,,152607,3097,13 Feb 2026
https://www.youtube.com/watch?v=RafOHkk_eJw,India Played It Smart! Russia Back To Dollar? Putin’s Oil Offer To Trump Rattles EU & China | Kinjal,World Affairs by Unacademy,Irrelevant,,282716,7364,13 Feb 2026
https://www.youtube.com/watch?v=dBY1tMIEa-8,[Multi SUB] ｜穿越成修仙废柴，激活神农系统，靠种田逆天改命！别人用法术，他用粪便，别人抱大腿，他养鱼，稻鱼共生震惊宗门，！#剧能充电站 #MiniDrama#精彩大陆短剧,剧能充电站,Irrelevant,,13439,186,13 Feb 2026
https://www.youtube.com/watch?v=xapujjse7-E,Facts About Money | The Elly Twineyo Show Ep 22,The Elly Twineyo Show,Irrelevant,,46,0,13 Feb 2026
https://www.youtube.com/watch?v=fd-Urw2vL7M,窮小夥失手一掌劈開白衣女子的外衣，怎料竟陰差陽錯助她覺醒強勁真氣，被當場認出他是隱世仙尊求著以身相許雙修逆襲成為無上仙人！#精彩短劇#中國電視劇#男頻 #短劇 #窮小子 #女總裁 #逆襲,風嘯短劇WindShort,Irrelevant,,21356,138,13 Feb 2026
https://www.youtube.com/watch?v=2IFj1yM7xpw,BREAKING: Global Silver Shortage Reaches CRITICAL Levels (Supply Crisis 2026),Economic Shadows,Irrelevant,,39,1,13 Feb 2026
https://www.youtube.com/watch?v=EyXv_7gAJIg,총체적 난국(변태성욕+고학력 나르시즘+도파민중독)이 초래한 홍콩 엽기살인사건,디바제시카DeevaJessica,Irrelevant,,122137,2329,13 Feb 2026
https://www.youtube.com/watch?v=fA07lukqSmw,Love Me Tender - MM,Claudia Nash Music,Irrelevant,,250,36,13 Feb 2026
https://www.youtube.com/watch?v=DhYPF9gMf3c,"Humilhada por Colega no Trabalho, Ela Revida e Revela Ser a Esposa do Presidente - Destino Drama",Destino Drama,Irrelevant,,12862,96,13 Feb 2026
https://www.youtube.com/watch?v=C8tl0_qlBf8,七年無性婚姻，她以為丈夫是丁克，直到情人頂著孕肚出現，她才徹底明白一切。她簽下離婚協議結束這一切，他卻死纏爛打悔不當初！#短劇 #追妻火葬場,星夢短劇ReelShort,Irrelevant,,86542,779,13 Feb 2026
https://www.youtube.com/watch?v=T5ymCAVzO54,【Daily life in Japan】Mom of 6 kids | Weekdays Routine | 38 years old mom's real life |,Mom of 6 Japan,Irrelevant,,33040,3226,13 Feb 2026
https://www.youtube.com/watch?v=haEW5yWEoes,LIVE STREAM: RUSD Board Meeting 2-12-2026,Riverside Unified School District Board Meetings,Irrelevant,,1238,10,13 Feb 2026
https://www.youtube.com/watch?v=YJY6QYu_RHU,"IT'S OVER $690 Low! Norway Silver NOK 793.38 Today – ""Low of 697.72"" Last Week - High of 793.38!!",Jon Silver Guy,Irrelevant,,800,33,13 Feb 2026
https://www.youtube.com/watch?v=9DAG11d-ZaA,The Wizard of Oz on The CineClub Podcast,SparkSunderland,Irrelevant,,33,1,13 Feb 2026
https://www.youtube.com/watch?v=ltRGjN5nalE,"S7 E387 Praveen Kakulte, Founder & CEO, The POWERCON Group",The Brand Called You,Irrelevant,,303,25,13 Feb 2026
https://www.youtube.com/watch?v=XAf2XPU4bZw,重生回到真千金回家這天，假千金的她拒絕雌競，歸還家產主動讓位，一句「姐姐」哄得全家偏愛不減，依舊被3個哥哥寵上天，還順手拿下真愛，躺贏人生越過越爽#爽文#甜宠,追劇鴨,Irrelevant,,295353,7402,13 Feb 2026
https://www.youtube.com/watch?v=Qs1JzAUrjOA,Discussing Walther Pistol Evolution From P99 To PDP With Jay (No Range Time Edit),Misha,Irrelevant,,90,14,13 Feb 2026
https://www.youtube.com/watch?v=oJ7kjTTmDPk,Most IMP Questions | महा REVISION PHYSICS-1 | One Shot Revision | HSC BOARD-2026 | MUKESH SIR #hsc,Physics Gyaan Mukesh Nayak,Irrelevant,,47518,1691,13 Feb 2026
https://www.youtube.com/watch?v=YWdVJ38Ley8,被親妹妹頂替身份，當眾羞辱、百般虐待！真千金淪為笑話，当身份曝光後，她決心復仇，誓要讓曾經害她之人，付出應有代價！｜《踹翻渣男后，首富千金马甲藏不住了》全集#短剧  #复仇  #短剧  #短劇 #重生,傾城短劇場,Irrelevant,,1723,15,13 Feb 2026
https://www.youtube.com/watch?v=WCctwB3shMU,COMMANDING THE DAY MIDNIGHT PRAYER | Supernatural Exceptional Speed | Dr. Paul Enenche,Worship Of God's People Int Ministry ,Irrelevant,,196,6,13 Feb 2026
https://www.youtube.com/watch?v=RQ6V9A2Uakk,TE dane pokazują TĄPNIĘCIE w Rosji. Dlatego kusi TRUMPA? - 13.02,Wojciech Jakóbik - Energy Drink,Irrelevant,,4267,346,13 Feb 2026
https://www.youtube.com/watch?v=PcXIvrTChAs,REQUIREMENT ANALYSIS AND SPECIFICATION-2|Object Oriented Software Engineering |SNS INSTITUTIONS,Gulshan Asif,Irrelevant,,2,0,13 Feb 2026
https://www.youtube.com/watch?v=VTZt9kxlPEc,Actor Rajpal Yadav -  Rajpal Yadav ने Jail जाने से पहले किया था ये खुलासा !!,Crime Tak,Irrelevant,,46881,759,13 Feb 2026
https://www.youtube.com/watch?v=CQ08lnQGZW8,REQUIREMENT ANALYSIS AND SPECIFICATION-1|Object Oriented Software Engineering |SNS INSTITUTIONS,Gulshan Asif,Irrelevant,,1,0,13 Feb 2026
https://www.youtube.com/watch?v=57YR_oESSHE,"Genius Doctor Accidentally Reborn As Dumped Orphan—Finish Surgery All Experts Fail In 1s,Fate Twist!",Juno Bless,Irrelevant,,17625,209,13 Feb 2026
https://www.youtube.com/watch?v=QCwjunLsxm0,"🔥Reborn as a loser, I become invincible by farming,all girls love me!#emotion #cdrama",Leo Thearter,Irrelevant,,22922,372,13 Feb 2026
https://www.youtube.com/watch?v=iCc74mCAxsI,"KAI, KF-21 예산 삭감 후폭풍…차입 '2배 폭증'",IB토마토,Irrelevant,,4292,13,13 Feb 2026
https://www.youtube.com/watch?v=A3tocZQYP-Q,L’Espagnolette – Michael Praetorius | 3-Part Guitar Ensemble,Joel Woods,Irrelevant,,94,8,13 Feb 2026
https://www.youtube.com/watch?v=ZD4ez1VyVPA,Aquarius ♒️ they’re back to acting like an immature child with you (Aquarius tarot card reading),VAL333TAROT,Irrelevant,,189,0,13 Feb 2026
https://www.youtube.com/watch?v=-_kaCiiRVW4,Capricorn ♑️ they’re really good at being this deceptive (Capricorn tarot card reading),VAL333TAROT,Irrelevant,,326,0,13 Feb 2026
https://www.youtube.com/watch?v=PosyNjUU1A0,Sagittarius ♐️ they’re going through hell not dropping this about you (Sagittarius tarot reading),VAL333TAROT,Irrelevant,,342,0,13 Feb 2026
https://www.youtube.com/watch?v=osf3xkonahg,Scorpio ♏️ they’re going to be of injustice towards you to get what they want  (tarot reading),VAL333TAROT,Irrelevant,,311,0,13 Feb 2026
https://www.youtube.com/watch?v=Rp2iZ1HUutg,驚傳中南海大妥協：五大戰區噤聲、紅二代施壓？胡春華被暗定接班的關鍵時刻| ByBy,ByBy,Irrelevant,,6537,84,13 Feb 2026
https://www.youtube.com/watch?v=6GahTBMJukU,Libra ♎️ they know what they’re doing to you (Libra tarot card reading),VAL333TAROT,Irrelevant,,572,0,13 Feb 2026
https://www.youtube.com/watch?v=bzXDHUoUT7Y,Taurus ♉️ they think treating you this way is right for them (Taurus tarot card reading),VAL333TAROT,Irrelevant,,229,0,13 Feb 2026
https://www.youtube.com/watch?v=VQtDJh9AJGA,Gemini ♊️ they’re really happy a lot got revealed (Gemini tarot card reading),VAL333TAROT,Irrelevant,,508,0,13 Feb 2026
https://www.youtube.com/watch?v=s-GWF8H5_3w,Aries ♈️ they’re going to keep trying to deceive you (Aries tarot card reading),VAL333TAROT,Irrelevant,,278,0,13 Feb 2026
https://www.youtube.com/watch?v=-qjHy7Ajx7g,Pisces ♓️ they thought they could bank off of you and it backfired on them (pisces tarot reading),VAL333TAROT,Irrelevant,,725,0,13 Feb 2026
https://www.youtube.com/watch?v=VDl7MTf6EYI,一口氣看完！京圈豪門一姐為登繼承人之位隱藏身份潛伏一年，任渣男白蓮肆意嘲弄，最後一日當眾亮明身份，脚踩渣男，讓負心人與白眼狼親戚跪地求饒，強勢登頂掌權！《一姐出擊，專治婚鬧》#260213mm,熊貓劇場,Irrelevant,,64195,1122,13 Feb 2026
https://www.youtube.com/watch?v=UHZRxQdrf6I,少女天生對男人過敏，18歲生日這天被閨蜜送帥哥機器人當禮物，怎知他竟是暗戀多年的總裁僞裝，一吻失控再不讓她逃避！#shortdrama #CEO #romantic#一口气看完,烈焰短劇ShortTV,Irrelevant,,5272,81,13 Feb 2026
https://www.youtube.com/watch?v=9nG5CgffEJc,窮小夥意外覺醒透視超能力，既能看透地下萬物、輕鬆尋寶藏，還能隔空取物，從此財運爆棚，金錢美女享之不盡！# 爽劇 #透視異能 #逆襲,歸來短劇社,Irrelevant,,2276,15,13 Feb 2026
https://www.youtube.com/watch?v=tr4BlEaI-qY,BSNL 3rd PRC approved BSNL Board किया?? |  BSNL 3rd PRC News Today 2026 | BSNL 3rd PRC Latest News,Tech Support by Sk,Irrelevant,,3348,90,13 Feb 2026
https://www.youtube.com/watch?v=KckTzBtt9uM,PICK•• NEXT 48-72 HOURS ⏰️ ENERGY CHECK-IN 🪄 WHAT'S COMING NEXT FOR YOU || TIMELESS,222 Tarot,Irrelevant,,19983,1428,13 Feb 2026
https://www.youtube.com/watch?v=_oc1I4WxBrU,Iron Condor Losses Wiping You Out? Try This Instead,Aeromir,Irrelevant,,393,8,13 Feb 2026
https://www.youtube.com/watch?v=x_ShBIW9cJA,Cybersecurity Insights | AQSEC Perspective Episode 4 | ITCN Asia Lahore 2026,AQSEC,Irrelevant,,30,4,13 Feb 2026
https://www.youtube.com/watch?v=P_vmTZdTk6k,GD/असिस्टेंट प्रोफेसर/TGT/TPGT |BPSC4.0|जूनियर | POLITICAL SCIENCE| CIVICS| practice17| RAMAKANT SIR,Exam सदन ,Irrelevant,,423,42,13 Feb 2026
https://www.youtube.com/watch?v=2BvJWzTbavw,"Rain Sounds in a Cozy Forest Bedroom ☔| No Music, Pure Sleep Sounds for Deep Sleep",chuva suave,Irrelevant,,223,0,13 Feb 2026
https://www.youtube.com/watch?v=WZW7AQ9jRP4,AI in Warfare: Why America CAN'T Afford to Wait | Pentagon Drama + Simultaneous Sip,"David Hawkins ""The Second Sip""",Irrelevant,,143,2,13 Feb 2026
https://www.youtube.com/watch?v=Tfd8qLqTPi8,Live Q&A With the Chairman of Parliament on 15 Pisces 0010,Asgardia Space Nation,Irrelevant,,65,6,13 Feb 2026
https://www.youtube.com/watch?v=Cq-TfusE0Gw,[Multi SUB] （全集）死神战力天花板，接任务碰上她。他护她躲暗杀、破系统、怼高层，才发现这是轮回百年前被他弄丢的爱人。管理局不同意？那就换个管理局#最火短剧推荐 #短剧全集 #精彩大陆短剧,逆天剧场,Irrelevant,,2455,24,13 Feb 2026
https://www.youtube.com/watch?v=NFDpqYwivZk,MLF | Week-1 | Session-1,ML Foundations,Irrelevant,,605,19,13 Feb 2026
https://www.youtube.com/watch?v=IlQsMWxOPkE,Дороги под присмотром,QYZYLORDA TV / Қызылорда телеарнасы,Irrelevant,,346,1,13 Feb 2026
https://www.youtube.com/watch?v=l337IB_TjIY,💔Whole family listened to my inner thoughts! Unloved girl became a heartthrob!#chinesedrama,Revenge Movie,Irrelevant,,266715,6180,13 Feb 2026
https://www.youtube.com/watch?v=mMJneojbnfU,Жол қауіпсіздігі – басты назарда,QYZYLORDA TV / Қызылорда телеарнасы,Irrelevant,,50,1,13 Feb 2026
https://www.youtube.com/watch?v=fykB7u1VvMI,"February 13 - Choose Peace, Not Payback: How to Handle Conflict God's Way 🕊️",Daily Flow with Henry ,Irrelevant,,20,5,13 Feb 2026
https://www.youtube.com/watch?v=VJwDbnga3J8,"""Something Big is Happening” - This Viral Article Said What We All Know Out Loud",Kyle Balmer | AI with Kyle,Irrelevant,,3285,70,13 Feb 2026
https://www.youtube.com/watch?v=JUo3YkvmO4E,"CRIMEAPPLE x Evidence - ""Roy"" (official Audio)",Yes I'm Evidence,Irrelevant,,998,38,13 Feb 2026
https://www.youtube.com/watch?v=WBAErAbeKZk,"[HARD] Lil Double 0 x Baby Walkdown Sample Type Beat ""Here I Am""",B.P.M Beatz,Irrelevant,,107,7,13 Feb 2026
https://www.youtube.com/watch?v=LG-hJAQh02A,"Nick Phoenix on Two Steps From Hell, Sampling and Rock Music | Interview",Epic Score,Irrelevant,,327,29,13 Feb 2026
https://www.youtube.com/watch?v=KZwWAn-zqwo,"Ray Dalio: JP Morgan Just Predicted $6,300 Gold (Here's What You Must Own)",Dalio Finance Academy,Irrelevant,,20,0,13 Feb 2026
https://www.youtube.com/watch?v=OZ3zI1aq0GQ,Moonrise Stardust ,Joey Hewie,Irrelevant,,11,1,13 Feb 2026
https://www.youtube.com/watch?v=OJUSVEM5qRk,'Tis Sweet to Sing the Matchless Love (tenor),Christine Hancock,Irrelevant,,1,0,13 Feb 2026
https://www.youtube.com/watch?v=g7UnqX6T3a0,'Tis Sweet to Sing the Matchless Love (alto),Christine Hancock,Irrelevant,,4,0,13 Feb 2026
https://www.youtube.com/watch?v=SBYbEvHzbQ0,'Tis Sweet to Sing the Matchless Love (bass),Christine Hancock,Irrelevant,,9,0,13 Feb 2026
https://www.youtube.com/watch?v=GkxkgmZv_sY,Learn English through Stories Level 3⭐ His Night Secret - Improve your English | English Audio Story,English Storyland,Irrelevant,,14205,427,13 Feb 2026
https://www.youtube.com/watch?v=Tz10xV07YXo,Wisdom Wizards Have Access To Anointed Portals After Defeating Wicked Witches,"Amalgam Divinity Glo, LLC",Irrelevant,,28,0,13 Feb 2026
https://www.youtube.com/watch?v=9wn_ZJW3FBQ,"Pengemis Ternyata Tabib Dewa Turun Gunung, Satu Jarum Sembuhkan Penyakit Malu Para Kakak Senior",Gado-Gado Clips,Irrelevant,,8846,27,13 Feb 2026
https://www.youtube.com/watch?v=mw30elzGl_Y,EVOLUTION: Brock Faber Chasing 20 Goal Season | Has Quinn Hughes Unlocked A New Brock Faber?,Locked On Wild,Irrelevant,,723,34,13 Feb 2026
https://www.youtube.com/watch?v=lilI3HfKNE0,Black Series Cantina 88 - Please Break Glass Incase of Ken (2/7/25),Black Series Cantina,Irrelevant,,94,4,13 Feb 2026
https://www.youtube.com/watch?v=fgyKR-TWtoE,Sunday school  future generation,Elizabetb Dauda,Irrelevant,,2,1,13 Feb 2026
https://www.youtube.com/watch?v=qj5mwE-ykKA,CANCER Destiny Maker…Your Next Steps will decide your Future *Love Match & New Job Opportunity*,Rose Burnett,Irrelevant,,600,86,13 Feb 2026
https://www.youtube.com/watch?v=JMntUGfrNQ8,HPD investigating complaints about Queens affordable housing program homes,CBS New York,Irrelevant,,11542,126,13 Feb 2026
https://www.youtube.com/watch?v=gg7eMZqLhd0,刘润铭＆赵安第 | 她身缠霉运竟邂逅主神大佬，前世分离今生纠缠，男主装失忆虐妻，觉醒后疯狂赎罪太爽了！[MULTI SUB | FULL] #MiniDrama #精彩大陆短剧,浪漫短劇社Romantic Drama,Irrelevant,,54945,967,13 Feb 2026
https://www.youtube.com/watch?v=GnEY-yKYS18,Lightworkers PURGING Right Now💫 Here's Why #tarot #message #spirituality,Mystic 1 Oracle Tarot,Irrelevant,,8,1,13 Feb 2026
https://www.youtube.com/watch?v=GqUlPqOZVoc,Quick P2w Rage Quit 😡🎮,ENDZEM,Irrelevant,,640,22,13 Feb 2026
https://www.youtube.com/watch?v=ZVRDnOspNmk,她一睜眼穿成團寵文中結局悽慘的假千金，她表面扮演惡毒女配內心吐槽全世界，卻不想全家竟能聽到她心聲，漸漸的原本該厭惡她的家人紛紛倒戈寵她，所有人設逐漸崩塌、劇情徹底跑偏，她莫名其妙混成團寵了！。#甜宠,劇好追,Irrelevant,,93645,2430,13 Feb 2026
https://www.youtube.com/watch?v=-6cy3mbO_uQ,Beter Uhi - Fiji Suva Mission Vanuatu (2006 to 2008),Beter Kelifod Uhi,Irrelevant,,26,0,13 Feb 2026
https://www.youtube.com/watch?v=bPUtvpNNQG8,"Tumbler Ridge victims identified | CTV News Vancouver at Six for Feb. 12, 2026",CTV News,Irrelevant,,32017,148,13 Feb 2026
https://www.youtube.com/watch?v=DWdO3duMNII,NASDAQ 100 / Elliott Wave Daily Update 2/12/2026 by Michael Filighera,Michael Filighera,Irrelevant,,278,18,13 Feb 2026
https://www.youtube.com/watch?v=_5x2AdBNVrA,Hot Portfolio | Top 5 High-Conviction Picks for Feb 2026,Sharekhan,Irrelevant,,3513,111,13 Feb 2026
https://www.youtube.com/watch?v=c0-SrmSPdEk,"Australian Employer Visas Update: Compliance Risks, Salary Thresholds & Emerging Trends Shaping",Kris Ahn Lawyers,Irrelevant,,27,0,13 Feb 2026
https://www.youtube.com/watch?v=nxVRUcNv7lA,"2026 Lamborghini Revuelto Phantom | Performance, Interior & Top Speed",CarVibe Hub,Irrelevant,,11,0,13 Feb 2026
https://www.youtube.com/watch?v=fJZldF1LzeU,貴妃宮裡得了傳染病，竟被皇帝直接隔離了！ #周迅 #霍建華 #青櫻傳#中國電視劇,娱乐撩剧团,Irrelevant,,990,7,13 Feb 2026
https://www.youtube.com/watch?v=ZrPM9NB5h6U,Dear Future Husband – Meghan Trainor | Live Cover on Twitch | Nicole Idanan #livecover #twitchmusic,Nicole Idanan,Irrelevant,,26,0,13 Feb 2026
https://www.youtube.com/watch?v=CBkQooXo6zk,"Asesina Famosa Odia a los Hombres, Finge Ser Pobre y se Casa con un CEO—Final Impactante!",Toro TV,Irrelevant,,5259,35,13 Feb 2026
https://www.youtube.com/watch?v=B6kkhVdYYAw,一口氣看完【閃婚後被老公深情溺愛】醫學院生鹿珂意外懷孕獨自扛下，卻與盛燁總裁周應川重逢，原來她是總裁的救命恩人、孩子的媽。周應川執意閃婚，將她寵成掌心寶，一路護妻護胎，閃婚後全是深情溺愛的甜寵日常～,心動甜度屋,Irrelevant,,7095,54,13 Feb 2026
https://www.youtube.com/watch?v=kxEGkRbhkDI,EP02 💰穿越妖妃人生开挂，财爱双收爽到飞起💥穿越妖妃❌傀儡帝王❤️‍🔥“双穿+轮回+悬疑喜剧”💖炮灰纸片人觉醒，逆袭登帝！《恃宠 The Spoiled Favorite 》（方瑾/周昊杉主演）,剧盒—独播剧场 Drama Box Exclusive,Irrelevant,,539,8,13 Feb 2026
https://www.youtube.com/watch?v=YrvBGDuFNvo,Casper U. Mortensen geht zurück nach Dänemark! Simic ist zurück! Rekord-Versuch des TH Eilbeck,fomtastisch,Irrelevant,,412,49,13 Feb 2026
https://www.youtube.com/watch?v=RaegJiT8k_0,Ancient Civilizations of Ancient Greece | The Forgotten Cities | Sleep History,Whispered Empires,Irrelevant,,124,2,13 Feb 2026
https://www.youtube.com/watch?v=uOBLvOkqNpQ,Severe Weather Update 13.2.2026 Severe Thunderstorm Outbreak!!!,Oz Industries Forecasting,Irrelevant,,219,6,13 Feb 2026
https://www.youtube.com/watch?v=Op2dJisgimw,睜眼穿成惡毒女配，只要讓總裁和他的3個哥哥對她厭惡值100%，就能拿著巨額補償金美美跑路，哪料心聲暴露被總裁全家聽得一清二楚，劇情徹底跑偏，她越作總裁越愛，成為全家掌心寶,追劇鴨,Irrelevant,,187298,4996,13 Feb 2026
https://www.youtube.com/watch?v=6WsXeOkHwyc,"Katz questioned during police HQ inquiry | CTV News Winnipeg at Six for Feb. 12, 2026",CTV News,Irrelevant,,2565,7,13 Feb 2026
https://www.youtube.com/watch?v=Sa8KzFNa1RA,"【FULL】The System Bureau Gave the Grim Reaper a Mission,the Target Is His Reincarnated Love#minidrama",RushMiniDrama,Irrelevant,,8262,188,13 Feb 2026
https://www.youtube.com/watch?v=Mg4kvtrgTNU,"Fajr Azan Live from Masjid Nabawi, Madina 🌙 | #mohsinveervlogs #shorts ",MOHSIN VEER VLOGS,Irrelevant,,38,6,13 Feb 2026
https://www.youtube.com/watch?v=HIqxrEJPcJQ,"Condominium Law Group Zoom Q&A - February 11, 2026","Condominium Law Group, PLLC",Irrelevant,,72,0,13 Feb 2026
https://www.youtube.com/watch?v=hKgJAH8HKyE,BANK 404 — Arrival Protocol,World Bank 404,Irrelevant,,29,2,13 Feb 2026
https://www.youtube.com/watch?v=dKxHmVNNZSc,Top Story with Tom Llamas - Feb. 12  | NBC News NOW,NBC News,Irrelevant,,55283,242,13 Feb 2026
https://www.youtube.com/watch?v=wZgF7eeEiOA,Best Game Trailers From Playstation State Of Play 2026,PinkPixelPoP,Irrelevant,,605,1,13 Feb 2026
https://www.youtube.com/watch?v=rFsT5y2BhI0,Finally bike service ko day diya 😱,Sulav Kumar Dahit,Irrelevant,,79,16,13 Feb 2026
https://www.youtube.com/watch?v=gGz-i86PzDw,The Power of Text in Preserver 8 Minute Edition  #PreserverApp#PreserverMe#PrivacyFirst#DigitalDiary,Monte Huebsch,Irrelevant,,16,0,13 Feb 2026
https://www.youtube.com/watch?v=-gzuIMSyzkQ,"ASMR based on YOUR comments!! Books Sounds, Mic and Face Brushing, NO TALKING",UnrushedASMR,Irrelevant,,0,0,13 Feb 2026
https://www.youtube.com/watch?v=klahGbpwQM4,Dryden Gold: 77.9 g/t Gold Hit and the Next Catalysts | Maura Kolb,Natural Resource Stocks,Irrelevant,,1130,6,13 Feb 2026
https://www.youtube.com/watch?v=LZ5oqBBArVE,Se escapaba para ver a su novio… hasta que su madre descubrió la verdad,SIdney / Historias,Irrelevant,,9,1,13 Feb 2026
https://www.youtube.com/watch?v=PY5ihRv7378,John Farnham Wanted to Drop the Song—His Band Went Silent,Behind the Curtain,Irrelevant,,60,0,13 Feb 2026
https://www.youtube.com/watch?v=TgGGmUtRXIQ,小子綁定未來頭條，竟發現女友是首富千金！,快映社,Irrelevant,,748,12,13 Feb 2026
https://www.youtube.com/watch?v=4bU7-vaVPa8,"Investor Briefing: Crypto, Gold, and Prediction Markets",Vincent Private Markets,Irrelevant,,15,0,13 Feb 2026
https://www.youtube.com/watch?v=B4q0Q9sqO-o,KNG 17M Cash War Chest and the Drill Season Setup at Kingsmen Resources,Natural Resource Stocks,Irrelevant,,423,3,13 Feb 2026
https://www.youtube.com/watch?v=ft-SuGel540,"Cozy Forest Rain Night ☔|Deep Sleep Sounds, Relaxing Ambience for Insomnia Relief",chuva suave,Irrelevant,,214,3,13 Feb 2026
https://www.youtube.com/watch?v=nhMGKR9O9tU,Chelsoph Chats (2) First Community Group Zoom Call,Cheltenham and UK Philosophers,Irrelevant,,65,4,13 Feb 2026
https://www.youtube.com/watch?v=HVxbswJwCGA,From Benjamin Banneker to The Nvidia Way to Agentic AI,Cool Clips - BAIS INC,Irrelevant,,0,0,13 Feb 2026
https://www.youtube.com/watch?v=F0AHtnPUvnE,Plus One Biology | Plant Growth & Development | Chemical Coordination & Integration | Exam Winner,Exam Winner Plus One,Irrelevant,,4149,175,13 Feb 2026
https://www.youtube.com/watch?v=U9728URzcKM,"NO-ADS, Soft Rain Washing Over the Forest Cabin🌲😴🌧 | Relaxing Ambience for Deep Sleep, Focus",Cozy Rain USA,Irrelevant,,35,1,13 Feb 2026
https://www.youtube.com/watch?v=1rYgMmVLyZU,SOUTH: United as One | Official Documentary for the Global South Academic Forum,Global South Academic Forum,Irrelevant,,364,29,13 Feb 2026
https://www.youtube.com/watch?v=qoq5eEywXU4,"Indications and Warnings | Day 1449 | Another RU suicide mission: ""flag propaganda"" convinces no....",Information Warfare Initiative,Irrelevant,,2402,446,13 Feb 2026
https://www.youtube.com/watch?v=5fujEOHOzdo,✨別笑這個醜疤女！她是煉金女王，能美顏復活還能點石成金！🎈🎈🎈#短剧 #movie #精彩影视 #逆袭 #drama #一口气看完 #搞笑 #穿越 #最新短劇全集 #影视聚焦 #开挂 #玄幻,剧有引力,Irrelevant,,2560,18,13 Feb 2026
https://www.youtube.com/watch?v=5LwtzyvM3ec,Long Ambient Forest Soundscape | Persian Santur & Ableton Live 12 (Work in Progress),Hes Kardan,Irrelevant,,2,0,13 Feb 2026
https://www.youtube.com/watch?v=BxdD3W9K9tI,Choose the State | A Private Spirit-Guided Activation,Kisma Orbovich,Irrelevant,,48,11,13 Feb 2026
https://www.youtube.com/watch?v=KLeXdHQxGRY,FULL💥【MULTISUB】傲嬌城主強寵軟萌廚娘，下毒調情八倍速開啟甜戀！🔥#movie #drama #zhaolusi #chinesedrama #迪丽热巴 #刘亦菲 #白鹿 #肖战 #杨紫,恋恋微剧社 Kiss Cdrama,Irrelevant,,1945,16,13 Feb 2026
https://www.youtube.com/watch?v=kS0yn2zn5Xg,"Live Day Trading Making $175,923 (NQ 300 PTS, TSLA 155%)",MarineXLambo,Irrelevant,,306,20,13 Feb 2026
https://www.youtube.com/watch?v=7VFlOiS8yUw,"City says it's too soon to lift Significant Weather Event | CTV News Barrie at Six for Feb. 12, 2026",CTV News,Irrelevant,,3788,25,13 Feb 2026
https://www.youtube.com/watch?v=ucdEm1a_6Mw,"NO-ADS, Soft Rain Washing Over the Forest Cabin🌲😴🌧 | Relaxing Ambience for Deep Sleep, Focus",Cozy Rain USA,Irrelevant,,0,0,13 Feb 2026
https://www.youtube.com/watch?v=cRRHNzKKQLE,【全集】絕望！從小喪親吃百家飯，進仙門當雜役還被百般刁難！憑藉聚寶盆逆襲，廢柴凡人也能踏碎仙途！,她界剧场,Irrelevant,,2586,39,13 Feb 2026
https://www.youtube.com/watch?v=JKevERbFFbw,🔔首發新劇🔥被嫌臉上有疤！她反手煉出祛疤神水🤯逆襲成億萬煉金女王👑,七公主劇場,Irrelevant,,3538,42,13 Feb 2026
https://www.youtube.com/watch?v=RtmM8Jo1EFI,JESUS BELIEVED THE BIBLE WAS TRUE--ME TOO! How About You?,John Barnett Online Teaching,Irrelevant,,702,60,13 Feb 2026
https://www.youtube.com/watch?v=Oqi4pJCyBfQ,A Strange Object HIT the Moon at 35 km/s — And We Caught It LIVE,Bright Side Сosmic Horror,Irrelevant,,489,17,13 Feb 2026
https://www.youtube.com/watch?v=9zEFpGSeXZ4,After 27 years he just quit his senior corporate position because his Amazon business is exploding!,silentjimdotcom,Irrelevant,,176,6,13 Feb 2026
https://www.youtube.com/watch?v=9CCZPnN2xh0,A Simple Way to Stop Overthinking Immediately | Eckhart Tolle,Eckhart Tolle,Irrelevant,,13366,1094,13 Feb 2026
https://www.youtube.com/watch?v=_PBl4QSdWJU,No Ads–Sleep in a Cozy Forest Cave🌧️🌲😴Rainfall Sounds for Deep Relaxation and Calm Nights,Cozy Rain USA,Irrelevant,,26,0,13 Feb 2026
https://www.youtube.com/watch?v=gn1YJxLandU,Painting Frying Pan Valley - Adventures in Backdrop Painting,Otter Creek & Rio Grande,Irrelevant,,1580,223,13 Feb 2026
https://www.youtube.com/watch?v=aCe55lJQi98,Report shows Pacifica School District student enrollment is dropping faster than anticipated,KPIX | CBS NEWS BAY AREA,Irrelevant,,2115,8,13 Feb 2026
https://www.youtube.com/watch?v=DMkIb_jmy8g,My Children & The Diamond Sun - Miss Honey - 2022 Archives,Miss Honey,Irrelevant,,1,0,13 Feb 2026
https://www.youtube.com/watch?v=xwfAPKh4jjg,Rain warnings issued for North Island,NIWA New Zealand,Irrelevant,,1741,39,13 Feb 2026
https://www.youtube.com/watch?v=7-A0HPOnr3U,Wales/Cymru and its legal status in the UK,New Wales / Cymru Newydd,Irrelevant,,44,3,13 Feb 2026
https://www.youtube.com/watch?v=_QINDiQdK14,What Happens When 40 Facilitators Build a Living Conference? | Spiral Structure in Action,Brandy Jordan & Richard Corbett |Emerge By Design ,Irrelevant,,34,2,13 Feb 2026
https://www.youtube.com/watch?v=d4_tsayC8Dk,Tyngsborough Sewer Commission 02/12/2026,Tyngsborough MA,Irrelevant,,8,0,13 Feb 2026
https://www.youtube.com/watch?v=A-xN_-apObA,Trump Agrees to End Minnesota Immigration Surge | Balance of Show 02/12/2026,Bloomberg Television,Irrelevant,,6284,49,13 Feb 2026
https://www.youtube.com/watch?v=MfHO6SFSt1o,The Yellow Studio Live: Episode 31 – Create Seamless Patterns in Illustrator,Blume Bauer,Irrelevant,,13,1,13 Feb 2026
https://www.youtube.com/watch?v=QS9uYnkaxZk,Live Violin Music | Chill & Relaxing,Alan Price,Irrelevant,,583,9,13 Feb 2026
https://www.youtube.com/watch?v=njxR5Hp8tUA,The Big Cigar Event Announcement,The Cigar Authority,Irrelevant,,0,0,13 Feb 2026
https://www.youtube.com/watch?v=5L4CkEuUf8M,Cozy Bedroom in The Forest Rain 🌧 Drift Into Deep Sleep with Calm Night Rain,Nature247,Irrelevant,,89,2,13 Feb 2026
https://www.youtube.com/watch?v=z98lP7xg1Tc,"Community grieves at vigil for shooting victims | CTV Your Morning Vancouver for Feb. 12, 2026",CTV News,Irrelevant,,729,1,13 Feb 2026
https://www.youtube.com/watch?v=YtkhBGz_Kv0,The Smurl Haunting - American Nightmare Radio,American Nightmare Horror,Irrelevant,,36,7,13 Feb 2026
https://www.youtube.com/watch?v=-FVvJxwuhM0,Your insomnia is gone after listening to this rain sound,AIMAN NATURE,Irrelevant,,5,0,13 Feb 2026
https://www.youtube.com/watch?v=gwl0U3TQTSs,The Most Soothing Human Body Facts to Drift Off To,Drowsy Discovery,Irrelevant,,16,0,13 Feb 2026
https://www.youtube.com/watch?v=9NhDBN9utWY,Extreme Heavy Rainstorm in Rural Indonesia l Rain and Thunder for Sleep,Rainy Day Walk,Irrelevant,,551,17,13 Feb 2026
https://www.youtube.com/watch?v=9vJOd2GBIw4,NASA Wasn't Prepared for What Voyager Saw in Deep Space Beyond the Solar System,Muon,Irrelevant,,204,12,13 Feb 2026
https://www.youtube.com/watch?v=f5xQQhWMftE,🕊️ El desgarrador video de Maluma y Yeison Jiménez que hizo llorar a Colombia  ‘Con el Corazon’,Celebrity Buzz COL,Irrelevant,,7669,216,13 Feb 2026
https://www.youtube.com/watch?v=Nu9J92p3F8A,The Man Who Painted the Moon: Johannes Hevelius’s Stellar Journey,Earth Archives,Irrelevant,,8,0,13 Feb 2026
https://www.youtube.com/watch?v=-9fZqwUlF7c,O Adeus de Renato Russo: O Relato da Mãe e os Bastidores da Morte,Pensando Nisso.,Irrelevant,,284,33,13 Feb 2026
https://www.youtube.com/watch?v=z3n7y8oBO8A,The ENTIRE Story of Norse Mythology - Freyja | Bedtime Story,Bedtime Story,Irrelevant,,6,0,13 Feb 2026
https://www.youtube.com/watch?v=WlNGVctew6E,A Surgeon Thought It Was a Brain Tumor… Then It Started Moving (4K),Avon Dissanayake Podcast,Irrelevant,,6,2,13 Feb 2026
https://www.youtube.com/watch?v=_elyxsUTnpk,SURVIVING 2 UNDER 2 w/LINDSEY DIELE,Micah Diele ,Irrelevant,,39,5,13 Feb 2026
https://www.youtube.com/watch?v=UjvwAUNd_vg,PSALM 109 + 70 + 91: URGENT Reversal — Let God Turn Every Attack Around,DANGEROUS PSALMS NG,Irrelevant,,1699,202,13 Feb 2026
https://www.youtube.com/watch?v=_-h5DOksndY,Match Point Tennis at the Australian Open TOPCOURT Game On powered by Fortress Experience,Match Point Tennis,Irrelevant,,29,3,13 Feb 2026
https://www.youtube.com/watch?v=3zc1PbaJ0O4,"Agency, AI, and the MAGA Impulse | Robert Wright & Nikita Petrov",Nonzero,Irrelevant,,1088,34,13 Feb 2026
https://www.youtube.com/watch?v=4A16Nvd9_xs,Buffed Nemesis & Wesker Are An Unrockable Force In 2v8...,DStrike,Irrelevant,,2199,110,13 Feb 2026
https://www.youtube.com/watch?v=uwF6K4xMCjg,Black Dyke Band - Lichfield Cathedral - One September Morning - Robert Eaves,Black Dyke Band,Irrelevant,,721,43,13 Feb 2026
https://www.youtube.com/watch?v=ay_bVzSKsII,I Reject Human Testimony. My Fluffy Pets Solve Crimes Live & Go Viral,LensTales,Irrelevant,,90,2,13 Feb 2026
https://www.youtube.com/watch?v=b8F7q3t9Ih0,"With a Top Jade Master by My Side, I’m Unbeatable",NexusNarrative,Irrelevant,,6,0,13 Feb 2026
https://www.youtube.com/watch?v=8BwTHDCeccA,W3L & Drew McIntyre’s Roots | Mike Musso (Ep. 469),The Wrestling Junkies Podcast,Irrelevant,,11,2,12 Feb 2026
https://www.youtube.com/watch?v=taVtan0KS5k,"REMAKE de GOD OF WAR 1, 2 3 !!!!!!!!!!!!!!!!!!!!!!!!!!!!!!!!!!!",Max Vianna,Irrelevant,,8024,679,12 Feb 2026
https://www.youtube.com/watch?v=q62GrOWB5-s,WSAV News 3 at 6 p.m.,WSAV3,Irrelevant,,24,2,12 Feb 2026
https://www.youtube.com/watch?v=SUbTm_BR4ic,Small House in Open Field | Deep Rolling Thunders | Calm Before the Storm Ambience,Cowboys in Rain,Irrelevant,,2515,49,12 Feb 2026
https://www.youtube.com/watch?v=8pKZIWP2bnA,Beyond the Stage: Navigating Mental Health in the Music Industry | Amplified Minds panel at Jambaloo,WFAA,Irrelevant,,52,1,12 Feb 2026
https://www.youtube.com/watch?v=n5DQtHWl6GE,"[Versi Lengkap]The empress wants to kill me at the start of the game, but sorry, I'm your husband.",Cerita adegan cepat,Irrelevant,,1891,6,12 Feb 2026
https://www.youtube.com/watch?v=dB_MceiasW8,"Royalty Finance, the UCC and Issues of Recharacterization: Panel 3",Berkeley Center for Law & Technology (BCLT),Irrelevant,,2,0,12 Feb 2026
https://www.youtube.com/watch?v=-Eycd_dmgOw,中國成語 刻舟求劍 #中國成語 #刻舟求劍 #Chinese idioms  #Marking the boat to find the sword,二家姐去玩,Irrelevant,,28,14,12 Feb 2026
https://www.youtube.com/watch?v=cIV1FA858oI,"Observational Memory: The Human-Inspired Memory System for AI Agents, with Tyler Barnes",Mastra,Irrelevant,,792,39,12 Feb 2026
https://www.youtube.com/watch?v=XHb6FnnOqVo,OpenClaw with Live Voice,Patrick McGovern,Irrelevant,,31,3,12 Feb 2026
https://www.youtube.com/watch?v=vMBGu-hvQvg,JSS AHER - AIU Yuvotsava,JSS Academy of Higher Education & Research,Irrelevant,,1726,17,12 Feb 2026
https://www.youtube.com/watch?v=Eq3aHd_mHL0,"Joseph-Aukuso Sua’ali’i Lifestyle, Age, Net Worth, Lifestyle | Joseph Sua’ali’i Wallabies Rugby",Starlite Reality,Irrelevant,,99,2,12 Feb 2026
https://www.youtube.com/watch?v=QvCqGMXApMo,"Talking About ""My Philosophy for a Happy Life"" | Inspired by a TEDx Talk | B1–B2 English Podcast",Better English ,Irrelevant,,4,0,12 Feb 2026
https://www.youtube.com/watch?v=lUyPG8Sd5uc,10th Annual BJESL: Panel 3,Berkeley Center for Law & Technology (BCLT),Irrelevant,,13,0,12 Feb 2026
https://www.youtube.com/watch?v=r3TxTS37tEY,People Talking Background Noise | Peaceful Dinner Ambience,Retrospective Motion Lab,Irrelevant,,15,3,12 Feb 2026
https://www.youtube.com/watch?v=Uo-QDPPP7lM,"Qayamat (1983) Full Movie UHD | Dharmendra, Smita Patil | Hindi Action Movie with English Subtitles",NH BOLLY FLIX,Irrelevant,,7106,30,12 Feb 2026
https://www.youtube.com/watch?v=T6AlYnLFrrY,Scientists Are Confused: 3I/ATLAS Signal Intensifies at Maximum Distance | Michio Kaku,NextMind,Irrelevant,,1257,61,12 Feb 2026
https://www.youtube.com/watch?v=DGqVWcLafys,Locust: When The Sky Turned Into Insects,ZestyBio,Irrelevant,,83,3,12 Feb 2026
https://www.youtube.com/watch?v=9GPhHqat190,No Ads Rain Sounds for Sleeping - ASMR Deep Rain and Thunder for Total Mind Shutdown,Piano and Rain for Sleep,Irrelevant,,20,1,12 Feb 2026
https://www.youtube.com/watch?v=Hw-UU9OKNKM,Holy Forever (September 2025) | Loved To Worship ,Loved To Worship,Irrelevant,,60,3,12 Feb 2026
https://www.youtube.com/watch?v=8wXfST7ChEg,"Motoramblings is back, and possible changes",Motoramblings,Irrelevant,,183,54,12 Feb 2026
https://www.youtube.com/watch?v=L0ozAk0HZaQ,Episode 58: Maybe It Was a Concussion.,Moffett Library at MSU Texas,Irrelevant,,4,0,12 Feb 2026
https://www.youtube.com/watch?v=IfjbcvSFENc,Judgement Has Already Started...,Urgent Hope,Irrelevant,,178,8,12 Feb 2026
https://www.youtube.com/watch?v=ymas6Jdf83s,"'Deadly Combination' Triggered For Stocks, 'Bitcoin Is Finished' Warns Economist | David Woo",David Lin ,Irrelevant,,51741,1576,12 Feb 2026
https://www.youtube.com/watch?v=iYz_C_GHBK4,Career Fair Prep | GST Career Services,Touro University Graduate School of Technology,Irrelevant,,14,1,12 Feb 2026
https://www.youtube.com/watch?v=-mQyvohRzuY,"Schuylkill County commissioners, residents seek DHS answers amid rising ICE facility concerns",FOX56 WOLF TV,Irrelevant,,33,0,12 Feb 2026
https://www.youtube.com/watch?v=w7sB7xIi1O8,How a Beer Fesival Comes to Life: Lagerfest 2025,Respecting The Beer Podcast,Irrelevant,,5,0,12 Feb 2026
https://www.youtube.com/watch?v=cf__pYbUjH0,AQUARIUS LOVE♒💖I ADMIRE & ADORE YOU😮I WILL STAY & BE BY YOUR SIDE FOREVER🤯💐📞AQUARIUS  LOVE TAROT💓,Kathy Mamolen Psychic Medium,Irrelevant,,1199,85,12 Feb 2026
https://www.youtube.com/watch?v=CjWBg4eMqFM,CAPRICORN LOVE ♑💖LET ME BE YOUR WINGS🤯🪄TRUST THIS LOVE TO BE TRUE😮💖CAPRICORN LOVE TAROT 💝#capricorn,Kathy Mamolen Psychic Medium,Irrelevant,,1298,94,12 Feb 2026
https://www.youtube.com/watch?v=hQbIZI3SYyM,Explosive Clash: Sen. Hawley Questions Keith Ellison’s Role in the $9 Billion Fraud Case,CN-2Day,Irrelevant,,407,8,12 Feb 2026
https://www.youtube.com/watch?v=OTr0_YpXa-8,The #1 Mistake Sellers Are Making In Today's Housing Market And How To Avoid it,WWM Financial,Irrelevant,,24,1,12 Feb 2026
https://www.youtube.com/watch?v=XVoJ1g9tUPQ,"VISION 2026: Undiscovered edge: Small/mid-caps on the rise - Shilpa Mehra, Jed Weiss",Fidelity Canada,Irrelevant,,196,6,12 Feb 2026
https://www.youtube.com/watch?v=eawXG9D0Ges,How the COPPER SCROLL Was Cut Open to Reveal Its Corroded Text,The Ancient Narrative,Irrelevant,,25,0,12 Feb 2026
https://www.youtube.com/watch?v=MIJu3QsLGpA,"New York City LIVE Manhattan on Thursday (February 12, 2026)",The NYC Walking Show,Irrelevant,,10581,711,12 Feb 2026
https://www.youtube.com/watch?v=g4fopLqF98M,Julian Hawthorne — The Journalist Who Interviewed His Future Killer (1903),Forbidden Archive Tales,Irrelevant,,2,0,12 Feb 2026
https://www.youtube.com/watch?v=XyChljTBrOk,Largest Bitcoin Miner Predicts Next Bitcoin Bull Run,Anthony Pompliano,Irrelevant,,44914,1415,12 Feb 2026
https://www.youtube.com/watch?v=OVeecVYu_2o,We Went to IKEA for No Reason… and It Slapped 🔥🇸🇪,justjay.,Irrelevant,,18,1,12 Feb 2026
https://www.youtube.com/watch?v=3WypS-FPmYI,10 Terrifying Pandemics That Devastated Ancient Civilizations,The Lazy Detective,Irrelevant,,10582,224,12 Feb 2026
https://www.youtube.com/watch?v=5qfsnEhvwvA,💖YOU WON'T BE ALONE MUCH LONGER🤯THIS IS MAGICAL😁💘WEEKEND FORECAST 🪄SINGLES COLLECTIVE LOVE TAROT 💓,Kathy Mamolen Psychic Medium,Irrelevant,,3903,450,12 Feb 2026
https://www.youtube.com/watch?v=FU6_X7SculQ,"Divine Love Meditation with Stuart Baker, Feb 12, 2026 live on Baba Zoom",Baba Zoom (Meher Baba Family),Irrelevant,,41,2,12 Feb 2026
https://www.youtube.com/watch?v=Uf2hdx_sybc,PSAL BOROUGH SEMIFINALS EAGLE SEQ vs FRANCIS LEWIS VARSITY,PrimeFocusStudios,Irrelevant,,1084,14,12 Feb 2026
https://www.youtube.com/watch?v=gVzKN9RW0wU,XRP NEWS TODAY: XRP Wins Institutional Race & $85M Locks Supply Now,Crypto NewsWire,Irrelevant,,4510,266,12 Feb 2026
https://www.youtube.com/watch?v=SJfKu2WTTD8,Canvas tingles to melt you ASMR,JinxyKat ASMR,Irrelevant,,384,33,12 Feb 2026
https://www.youtube.com/watch?v=ZBQ0cJOxT4s,"#93c¹c.IF WeWho are IN-&-Of Christ DON'T Obey HolySpirit-given visions,THEN Those who are perishing",jonathan hammond,Irrelevant,,33,0,12 Feb 2026
https://www.youtube.com/watch?v=fXZoDt76Yjk,Celebrating the Wins from the Year of the Snake,Space Cats Happy Hour Podcast,Irrelevant,,1,0,12 Feb 2026
https://www.youtube.com/watch?v=Tm4dIqX-KRU,"Kentucky Derby 2026 Future Wager Pool 4 Analysis: Paladin, Nearly, Renegade, Plutarch, Further Ado",Jarrod “The Runaway Horse” Horak,Irrelevant,,254,9,12 Feb 2026
https://www.youtube.com/watch?v=lPjDSDoA4ys,Sagittarius Love Tarot ♐️ They Get Lost In The Dreams Of You — When THIS Is Their Reality 💔🔮,Eternal Flame 1616,Irrelevant,,1082,61,12 Feb 2026
https://www.youtube.com/watch?v=HrbnS3bCvQ8,"Iran's Future: ""This could all fall apart""",Geopolitical Futures,Irrelevant,,15437,501,12 Feb 2026
https://www.youtube.com/watch?v=-lU6lgv764g,⛑️ШЛЕМ ПАМЯТИ и Дедовы ДЕДЛАЙНЫ. Минск-3 от Зеленского. Рубио в Мюнхене. Долги по гробовым - Вакаров,Александр ШЕЛЕСТ,Irrelevant,,76118,1617,12 Feb 2026
https://www.youtube.com/watch?v=lkFH1k7_0Ew,Celebrating the Wins from the Year of the Snake (FULL VIDEO),Space Cats Happy Hour Podcast,Irrelevant,,1,0,12 Feb 2026
https://www.youtube.com/watch?v=fzTbrHOAk10,"Advocacy, Leadership & Legacy how were Redefining Financial Security for Women in finance",Get Wealthy With Me,Irrelevant,,4,0,12 Feb 2026
https://www.youtube.com/watch?v=n0yhmczzQLY,WATCH THIS LEADER: Traore STRIPS Power from Corrupt Officials Nationwide,AFRICAN PERSPECTIVE,Irrelevant,,1045,86,12 Feb 2026
https://www.youtube.com/watch?v=ygouJSMxeYM,Welcome to This Game| Part 2,JoNineD43,Irrelevant,,2,0,12 Feb 2026
https://www.youtube.com/watch?v=EsWeH4iie4o,O RABINO TROUXE UMA NOTÍCIA TRÁGICA SOBRE ISRAEL | DR. ALEX ALVES,Dr. Alex Alves,Irrelevant,,233,35,12 Feb 2026
https://www.youtube.com/watch?v=2KN3pxuHzb4,DoorDash Customer's Scam Attempt Backfired,The Silver Dasher,Irrelevant,,896,69,12 Feb 2026
https://www.youtube.com/watch?v=ZqGlhYUQE20,Teaching news literacy made easy: Checkology,News Literacy Project,Irrelevant,,53,4,12 Feb 2026
https://www.youtube.com/watch?v=pSLmkf3cbmI,"Nintendo Switch Partner Direct, Horizon Hunters Gathering and Discord!  - NQHS Podcast Episode 21",Not Quite High Score,Irrelevant,,4,0,12 Feb 2026
https://www.youtube.com/watch?v=nInMAvIvHdU,Community Forum: What’s Happening in South Livermore’s Vineyards?,Tri-Valley Conservancy,Irrelevant,,27,0,12 Feb 2026
https://www.youtube.com/watch?v=9a2Ib1SJCY8,"Weather or Not | Feb. 12, 2026",WHAS11,Irrelevant,,102,3,12 Feb 2026
https://www.youtube.com/watch?v=OLWhNc0Ou4M,"Unidentified Boston Poet (historical, never seen footage) | Tooker Tapes v.311",Kelly Green,Irrelevant,,2,0,12 Feb 2026
https://www.youtube.com/watch?v=8DOm4l4BEsE,CMA-webinar-02-10-26,National Fatherhood Initiative,Irrelevant,,2,0,12 Feb 2026
https://www.youtube.com/watch?v=bEHVQa3CCy8,🔴 Thunderstorm Sounds for Sleeping - Dimmed Screen | Strong Rain and Thunder - Deep Sleep Sounds,Pure Sleeping Vibes,Irrelevant,,1129,18,12 Feb 2026
https://www.youtube.com/watch?v=XCRuGRaakEQ,EU5 (25) Rival Powers,Aka plays,Irrelevant,,24,1,12 Feb 2026
https://www.youtube.com/watch?v=rBbinWHQtQI,Polar Bear Ice Ecology | Expedition Earth | Episode 2,Science Tech TV,Irrelevant,,33,2,12 Feb 2026
https://www.youtube.com/watch?v=jzq7wDS4kFQ,"RAREsummit25 - Rare Perspectives - Career, Family and Rare Disease Advocacy",Cambridge Rare Disease Network (CamRARE),Irrelevant,,23,1,12 Feb 2026
https://www.youtube.com/watch?v=NCcFEdykt5A,The 3-Minute Homily | How to Listen to God,Life After Sunday,Irrelevant,,26,5,12 Feb 2026
https://www.youtube.com/watch?v=_tLhUOJ_k1U,40 year old guy still going to car meets,Jayturbotreads,Irrelevant,,12,0,12 Feb 2026
https://www.youtube.com/watch?v=rP-l9YTjKUg,NIOH 3 All Cutscenes (Full Game Movie) 4K 60FPS Ultra HD,Gamer's Little Playground,Irrelevant,,2879,107,12 Feb 2026
https://www.youtube.com/watch?v=28R_aVCM0UQ,The Global Impact Forum (TGIF)/ Mark Cuban Fireside Chat,Penn State Outreach,Irrelevant,,21,0,12 Feb 2026
https://www.youtube.com/watch?v=RQDvnZSZkx8,Our Proposal (The Truth),Chris Howard Vlogs,Irrelevant,,900,100,12 Feb 2026
https://www.youtube.com/watch?v=hU41o7q4JOc,"Board of Trustees Executive Committee Meeting - December 17, 2025",Calbright,Irrelevant,,8,0,12 Feb 2026
https://www.youtube.com/watch?v=l44MbmimbyU,30 Minutes Soothing Mountain River Steps  | Relaxing Forest ASMR of Flowing Water for Focus & Sleep,Pekay RELAX,Irrelevant,,0,2,12 Feb 2026
https://www.youtube.com/watch?v=grI7tNW-k0M,Reclaim Your Power: An Energetic Protocol to Retrieve Control & Strengthen Your Manifestation Energy,Cups of Consciousness,Irrelevant,,74,12,12 Feb 2026
https://www.youtube.com/watch?v=II7vlQheKZw,Bob Dylan Walked Into Sinatra’s Dressing Room in 1965—Neither Man Was Ready for This,Bob Dylan: The Quiet Legacy,Irrelevant,,127,2,12 Feb 2026
https://www.youtube.com/watch?v=0xb3SdNuyf4,The Most Soothing Ancient Egypt Facts to Drift Off To,Drowsy Discovery,Irrelevant,,5,0,12 Feb 2026
https://www.youtube.com/watch?v=Q8OXt6msG-Q,"Enver Oruro: Neuroscience, Complex Systems, and Fostering Complexity Science in Latin America",The InterPlex,Irrelevant,,34,3,12 Feb 2026
https://www.youtube.com/watch?v=stiMucHQjx4,"AI, Podcasting, and the 2026 Future",Gear Media Studios,Irrelevant,,6,0,12 Feb 2026
https://www.youtube.com/watch?v=Jujzo8LRiUo,🔴 DRB Hit! Now What?,Roderick Casilli - Futures Fanatic,Irrelevant,,1017,68,12 Feb 2026
https://www.youtube.com/watch?v=aLMjETt4erY,Epicurean Conversation: Taste of Diaspora,Art Forum SF,Irrelevant,,7,1,12 Feb 2026
https://www.youtube.com/watch?v=OSOzAji2neY,"ROIDS, BASEBALL, BURGERS, ZYNS, WHITE MONSTER, FISHING, SCRATCHERS,  ARM DAY",TONKA,Irrelevant,,349,42,12 Feb 2026
https://www.youtube.com/watch?v=-XYE-EYjWPs,Board of Directors Meeting - 2/10/26 (Partial Video),Iowa City School Board Videos,Irrelevant,,77,0,12 Feb 2026
https://www.youtube.com/watch?v=PzNN7l8JGMc,"Mindfulness Speaker Series | Living Wisely, Loving Fully | February 10, 2026",Brown University School of Professional Studies,Irrelevant,,42,1,12 Feb 2026
https://www.youtube.com/watch?v=Iku_NvgWhXU,Navigating the Wave: 26-27 10th-12th Grade Registration Information,P.K. Yonge at the University of Florida,Irrelevant,,8,0,12 Feb 2026
https://www.youtube.com/watch?v=ThFq87Rp21s,Richard Sutton - The future of AI - IPAM at UCLA,Institute for Pure & Applied Mathematics (IPAM),Irrelevant,,277,12,12 Feb 2026
https://www.youtube.com/watch?v=zJvuaRVc8Bg,Terry Tao - Machine assistance and the future of research mathematics - IPAM at UCLA,Institute for Pure & Applied Mathematics (IPAM),Irrelevant,,2742,91,12 Feb 2026
https://www.youtube.com/watch?v=akoKX7rf2gQ,Diana’s Missing Jewelry: Royal Pieces That Vanished After 1997,Jewelry Journeys,Irrelevant,,10604,585,12 Feb 2026
https://www.youtube.com/watch?v=sympV_gJCWM,Meet The Team: Audio,Benelux Speedrunner Gathering,Irrelevant,,74,7,12 Feb 2026
https://www.youtube.com/watch?v=OUmcZ1IfcI8,"Avalanche Effect - ""THE MESS I CREATED""",Avalanche Effect,Irrelevant,,3410,197,12 Feb 2026
https://www.youtube.com/watch?v=NAZqDXnrUt4,[Eng Sub]百里屠伕的抖音直播  20260211192639 Bailitufu Livestream on Douyin(TikTok China),曦和景明,Irrelevant,,287,12,12 Feb 2026
https://www.youtube.com/watch?v=18KkPayqvNk,"TACUSPA Book Club - ""Cultivating Trauma-Informed Practice in Student Affairs” - Ch 6 - Feb 12, 2026",TACUSPA,Irrelevant,,2,0,12 Feb 2026
https://www.youtube.com/watch?v=TjAyDJt4Gr8,"The Waymo Moment for Drones: Iona, Privacy And Logistics",Thinking On Paper ,Irrelevant,,47,1,12 Feb 2026
https://www.youtube.com/watch?v=X-YslE239qk,💕Multi Sub【姐姐過分撩】植物人穿書收養反派少年，卻不知他暗戀自己多年，她死後反派黑化毀世界，系統跪求她回去救場⚠️#短劇#推薦#短劇全集#drama#小言推文#戀愛#甜寵#王年將成#朱小雪,小言推文,Irrelevant,,2506,69,12 Feb 2026
https://www.youtube.com/watch?v=s8vPssGDgvE,King Christian VII of Denmark and Caroline Matilda — The Madness of Love and Crown,Royal Affairs Unveiled,Irrelevant,,16,0,12 Feb 2026
https://www.youtube.com/watch?v=-2SChRmz3xs,#31 Michele Lombardi: Luxury Is Not Material — It’s Experience,Luca The Podcast,Irrelevant,,43,2,12 Feb 2026
https://www.youtube.com/watch?v=uxyMF5nHmgU,"Milk Marketing Advisory Council Meeting – December 16, 2025",NYS Department of Agriculture and Markets,Irrelevant,,4,0,12 Feb 2026
https://www.youtube.com/watch?v=sfklcA3XZ6Q,[Eng Sub]百里屠伕的抖音直播  20260210204722 Bailitufu Livestream on Douyin(TikTok China),曦和景明,Irrelevant,,447,14,12 Feb 2026
https://www.youtube.com/watch?v=iJP5DXfmJDo,Ep 34 | ACNU Explained: How FDA’s New Nonprescription Pathway Could Expand Access and Improve Adh...,Only Healthcare Podcast,Irrelevant,,1,0,12 Feb 2026
https://www.youtube.com/watch?v=XFv5AO8aFyg,Ep 27 | Nicholas Hall Panel Discussion 2: Nonprescription Access to Drug Treatment,Only Healthcare Podcast,Irrelevant,,0,0,12 Feb 2026
https://www.youtube.com/watch?v=wtDMamNwD-4,OHPLive!_ Nicholas Hall Panel Discussion 1_Non prescription access to drug treatment.mp4,Only Healthcare Podcast,Irrelevant,,4,0,12 Feb 2026
https://www.youtube.com/watch?v=0qbAhvoU0Hs,"Panel: The After Navigating Mental Health, Intimacy + Identity",The Breasties,Irrelevant,,15,0,12 Feb 2026
https://www.youtube.com/watch?v=4qZ4EJ_8RTg,COMMANDING THE DAY MIDNIGHT PRAYER | Backfiring Enemy Missiles & Agenda,Worship Of God's People Int Ministry ,Irrelevant,,30,4,12 Feb 2026
https://www.youtube.com/watch?v=rTLq9sF8Q2A,"24,726 Rental Homes Vanished - And The Premier Walked Away",Aussie Property Insider,Irrelevant,,89,5,12 Feb 2026
https://www.youtube.com/watch?v=_oWwImvYXtA,"1 John 3:18 ~ ""My little children, let us not love in word or in tongue, but in deed and in truth.""",Scripture Melodies ~ Smith Family Resources,Irrelevant,,25,0,12 Feb 2026
https://www.youtube.com/watch?v=yq89MkSpT5g,"Coinbase Serenades Superbowl, Ethereum Dumps L2s, NFTs x AI Sitting in a Tree",MyEtherWallet,Irrelevant,,10,1,12 Feb 2026
https://www.youtube.com/watch?v=IMZFWUdZb4E,Postsecondary Food Security Pilot - Webinar,The Washington Student Achievement Council,Irrelevant,,5,0,12 Feb 2026
https://www.youtube.com/watch?v=sgDW56y1l60,PWCS Family Engagement Series - National Collegiate Athletic Association (NCAA) Initial Eligibility,PWCS Training,Irrelevant,,1,0,12 Feb 2026
https://www.youtube.com/watch?v=bcNLJOrGc8k,睜眼穿進虐文小說，系統逼我虐反派弟弟千百遍，我白天假裝冷血折磨，夜裡悄悄替他上藥止血，本想暗中救他改命，沒想到把他養成病嬌戀愛腦，他故意裝乖裝慘只為等我心軟，等徹底掌權那天，把我困在懷裡寵到無法逃脫,追劇鴨,Irrelevant,,81969,2621,12 Feb 2026
https://www.youtube.com/watch?v=j42HZ7vU0TM,She Spent The Church’s Money So She Could Live Peacefully In Her Next Life,Sanemi Recap,Irrelevant,,3375,142,12 Feb 2026
https://www.youtube.com/watch?v=HyuiVysrx9c,Poppy Playtime Chapter 5 - 3 Huge DRAMAS in less than 24 hours... What is Happening?,PaninoTUBE International,Irrelevant,,8189,446,12 Feb 2026
https://www.youtube.com/watch?v=g1D3MX3uRiM,"Haggai 2 The Future Glory (ch. 2:1-23 NKJV)  Weekly Bible Study  - Thur, February 12, 2026 -",ScoutsFocus.com,Irrelevant,,8,0,12 Feb 2026
https://www.youtube.com/watch?v=MfenicvLMRY,"Haggai 2 The Future Glory (ch. 2:1-23 NKJV)  Weekly Bible Study  - Thur, February 12, 2026 -",ScoutsFocusEvents,Irrelevant,,7,0,12 Feb 2026
https://www.youtube.com/watch?v=3_pnX_mbIBM,Woman Born in 1842 Talks About Why She Never Forgave Her Mother - Enhanced Audio,The 1800ss,Irrelevant,,43,1,12 Feb 2026
https://www.youtube.com/watch?v=zlavpJnjqpw,"Episode 1: What 1,067+ Hoosiers Taught Me About Indiana's Future",Kory Listens,Irrelevant,,45,7,12 Feb 2026
https://www.youtube.com/watch?v=qXZG0gXUcq4,HOLOSOIL - Spirals (Vocal Performance Video),InsideOutMusicTV,Irrelevant,,870,62,12 Feb 2026
https://www.youtube.com/watch?v=bl9xaEC4xow,Fan Expo 2025 / Ripley's Aquarium and Medieval Times,Sarah's Spare Corner,Irrelevant,,25,0,12 Feb 2026
https://www.youtube.com/watch?v=rNQGpWYd_tI,Ep. 4: How to Transform Your Life Through the Power of Regrets,Laurie Gunning Grossman,Irrelevant,,0,0,12 Feb 2026
https://www.youtube.com/watch?v=FAhLALSb2zs,30 Best JRPGs on PS5 You Need to Play Right Now,Japan Games,Irrelevant,,248,8,12 Feb 2026
https://www.youtube.com/watch?v=GCgRDcI2W50,This Mantis Clutch Saved the Game… Venom Had Other Plans?!,Coyote,Irrelevant,,15,2,12 Feb 2026
https://www.youtube.com/watch?v=cXniibZ1fGc,Stop Buying Gold — This Is the ONLY Thing That Survives,FUTURE-X,Irrelevant,,1,0,12 Feb 2026
https://www.youtube.com/watch?v=ji8Z3FUVuoM,SynthWorld // Tuff Turf,SynthWorld,Irrelevant,,17,2,12 Feb 2026
https://www.youtube.com/watch?v=Jc90HrKR99c,"Ep. 12: Why Hold the Light – And What Do ""The Freedom Transmissions"" Have to Do With It?",Laurie Gunning Grossman,Irrelevant,,0,0,12 Feb 2026
https://www.youtube.com/watch?v=NU5OlmHwGg4,How to Use Affirmations to Elevate and Expand Your Life,Laurie Gunning Grossman,Irrelevant,,2,0,12 Feb 2026
https://www.youtube.com/watch?v=7tk4ri-2V04,Ep. 10: The Top 5 Regrets of the Dying (and How They Can Elevate Your Life),Laurie Gunning Grossman,Irrelevant,,1,0,12 Feb 2026
https://www.youtube.com/watch?v=QsiDdHNpXCM,The $6 Trillion Problem Nobody's Talking About,EconoScienceLab,Irrelevant,,8,1,12 Feb 2026
https://www.youtube.com/watch?v=EVIcPDTfVIo,Engineering Consensus on COVID Origins (In Defense of Virology - Episode 7),Science From the Fringe,Irrelevant,,63,4,12 Feb 2026
https://www.youtube.com/watch?v=1Ja2q9GcVa4,Ep. 1: How 20 Seconds of Courage Can Transform Your Life,Laurie Gunning Grossman,Irrelevant,,0,0,12 Feb 2026
https://www.youtube.com/watch?v=Fd1ihH4pZro,"After 60 Years On The Battlefield As An Old Man, He Returns To Dominate The Robots Once Again",Nice Recap,Irrelevant,,867,37,12 Feb 2026
https://www.youtube.com/watch?v=AWy8734Q5gw,The Diary From Bergen-Belsen That Revealed What The World Never Knew | #ww2 ,The Scars Of WW2,Irrelevant,,10,0,12 Feb 2026
https://www.youtube.com/watch?v=hwhx7fYcFjQ,Future Funk 62%-100%,AndreiBoss1234,Irrelevant,,3,1,12 Feb 2026
https://www.youtube.com/watch?v=9Kco1zX5IeI,Amazing New Breakeven Indicator By PropTraderz,MY FUTURE SUCCESS ,Irrelevant,,2408,131,12 Feb 2026
https://www.youtube.com/watch?v=hYXSpyTcMlI,Dollar & Energy Inputs Drive Near-Term Grain Signals | QH Subscriber Forecast 2/3/26,Quantum Hedging,Irrelevant,,11,1,12 Feb 2026
https://www.youtube.com/watch?v=zXYQbn7AbAA,Beans Supported as Corn Emerges as the Weak Link | QH Subscriber Forecast 2/9/26,Quantum Hedging,Irrelevant,,1,0,12 Feb 2026
https://www.youtube.com/watch?v=wJNMyi3bzYc,"Forced to marry the rumored cruel, ugly prince, she tamed him with her sweetness and became empress!",Sarah Sweet Drama,Irrelevant,,16067,355,12 Feb 2026
https://www.youtube.com/watch?v=QHru4nW5g68,BURKINA FASO'S $15B GOLD MOVE SHOCKS FRANCE,Le grand Ibrahim Traoré,Irrelevant,,34,2,12 Feb 2026
https://www.youtube.com/watch?v=YR5KDiT7MZE,Evidence Searching in Psychology & Behavioral Sciences Collection (PBSC),EBSCO UK,Irrelevant,,7,0,12 Feb 2026
https://www.youtube.com/watch?v=7mw_wtasj1Y,"Can a Warning Last 10,000 Years?",TapRooT®,Irrelevant,,24,3,12 Feb 2026
https://www.youtube.com/watch?v=XNRf-owaSlQ,English  Class 10th  Bihar Board | Class 10 English Parts Of Speech | Preposition One shot |,STAR ACADEMY ,Irrelevant,,108,9,12 Feb 2026
https://www.youtube.com/watch?v=qM9C7uwGcpA,"April 19th, 2024 - Evening -",PEI Legislative Assembly,Irrelevant,,10,0,12 Feb 2026
https://www.youtube.com/watch?v=PXwgh2uIfbY,"April 3rd, 2024",PEI Legislative Assembly,Irrelevant,,22,0,12 Feb 2026
https://www.youtube.com/watch?v=vzukgMP03SQ,Educating the Force for the Fight in Space | Fireside Chat - Spacepower 25,Space Force Association,Irrelevant,,42,0,12 Feb 2026
https://www.youtube.com/watch?v=RvZp6I0Z1V4,"March 19th, 2024",PEI Legislative Assembly,Irrelevant,,9,0,12 Feb 2026
https://www.youtube.com/watch?v=LIFesTUpwmw,INDIE: Miasteczko bez białych turystów - co nas czeka? Lokalne życie bez filtrów w Vellore,JAK TO DALEKO,Irrelevant,,65742,4594,12 Feb 2026
https://www.youtube.com/watch?v=CzGo8rhQylU,"My daughter wished his mistress was her mom—as I slowly forgot them, they finally broke down",Eternal Diary,Irrelevant,,3706,129,12 Feb 2026
https://www.youtube.com/watch?v=2NInsjnS2n8,"Everyone Thinks He Is A Useless F-Rank, But He Is A 9-Star Archmage Who Returned After 4000 Years.",Inosuke Recap,Irrelevant,,2558,51,12 Feb 2026
https://www.youtube.com/watch?v=_arm6PJ-EiA,"Daddy, The Baby Can’t Breathe Right! — A CEO and His Daughter’s Unexpected Rescue of a Homeless Mom",Velvet Twist Stories,Irrelevant,,17,1,12 Feb 2026
https://www.youtube.com/watch?v=jqjeyFPCacU,Tech Stocks in Trouble?,Goldman Sachs,Irrelevant,,1393,0,12 Feb 2026
https://www.youtube.com/watch?v=zIOZyfc_QNE,How One King Changed Christianity in England | Break from ROME Part 1,THE UNSEEN WITNESS ,Irrelevant,,44,7,12 Feb 2026
https://www.youtube.com/watch?v=DIgwRf2-vrw,Marcin Kaźmierczak of @redstone_defi on RWA Growth & Oracle Risk | Consensus Hong Kong 2026,The Crypto Times,Irrelevant,,50,16,12 Feb 2026
https://www.youtube.com/watch?v=um3aRoGxjT0,Janky Brush challenge artwork WIP Part 1,Sneaky Miki,Irrelevant,,26,5,12 Feb 2026
https://www.youtube.com/watch?v=Kss7ZrOHhiI,"Tumbler Ridge community mourns as tributes pour in | CTV News Ottawa at 11:30 for Wed, Feb. 11, 2026",CTV News,Irrelevant,,1228,10,12 Feb 2026
https://www.youtube.com/watch?v=eAos7BRA5kU,"Global leaders offer condolences after BC tragedy | CTV News Ottawa at Six for Wed, Feb. 11, 2026",CTV News,Irrelevant,,1429,8,12 Feb 2026
https://www.youtube.com/watch?v=yDwRfUaJqiI,BREAKING: Silver Volume Just Broke the Market’s Liquidity Model,ASIAN GUY FINANCE,Irrelevant,,8,3,12 Feb 2026
https://www.youtube.com/watch?v=pxMbt-t_YlA,"High on Life 2 Review Buy, Wait Gamepass or Pass",ACG,Irrelevant,,48506,2832,12 Feb 2026
https://www.youtube.com/watch?v=0LJMUc_9UWs,【19日に再び強烈な寒気が襲来か】ヨーロッパECMWFモードで19日ごろマイナス5℃の寒気が日本列島を広範囲に包みこむ予報,台風速報!,Irrelevant,,4284,111,12 Feb 2026
https://www.youtube.com/watch?v=FoXF_LME-4o,"If Central Banks Collapse, This is What Happens Next | Financial Historian",THE WEALTH ARCHIVIST,Irrelevant,,37,2,12 Feb 2026
https://www.youtube.com/watch?v=R778ylb0Dgg,Our dreams start small ,SteveandElly,Irrelevant,,15,0,12 Feb 2026
https://www.youtube.com/watch?v=zBbcOF738rE,Hyderabad Office Market Boom! 19 Million Sq Ft New Space in 2025 | ICRA Report #officespaceforlease,REGTV,Irrelevant,,198,1,12 Feb 2026
https://www.youtube.com/watch?v=iTd3d2VNqFw,Texas News Now,WFAA,Irrelevant,,222,3,12 Feb 2026
https://www.youtube.com/watch?v=BUKDi3LXHq0,Pakistan Leaked Nuclear Bomb to Saudi Arabia?Former Senior Commander Makes Shocking Claim,UPSC Neev by Unacademy,Irrelevant,,10134,387,12 Feb 2026
https://www.youtube.com/watch?v=hL3KvdJBrVQ,Por qué PARECE FALSA la Nueva Esfera de Maussan (Caso Andinópolis),Buster’s Mind,Irrelevant,,15094,1192,12 Feb 2026
https://www.youtube.com/watch?v=Qwzsv5JzvYw,York – England’s Best Preserved Medieval City,Scott's Travel Adventures,Irrelevant,,41,5,12 Feb 2026
https://www.youtube.com/watch?v=QvQf2WrL89o,Power Shift: Seoul 2/1/26,Chozo,Irrelevant,,4,0,12 Feb 2026
https://www.youtube.com/watch?v=4QaP1Hg6ZBU,[Multi Sub]華語熱播劇▶「姊妹生活志」▶她竟開導失意死對頭，老公為她裸辭，她無奈躺進手術室！#時代劇 #愛情  #萬茜 #邢菲 #白客 #趙麗穎  #劉亦菲  #2025 #熱門,华语影视剧场-Best Chinese Drama,Irrelevant,,78,2,12 Feb 2026
https://www.youtube.com/watch?v=i53jz_aSiic,"【FULL】I Refused to Be Manipulated, “No Guilt-Trip” System Made Me Rich Overnight!#minidrama#system",RushMiniDrama,Irrelevant,,13532,321,12 Feb 2026
https://www.youtube.com/watch?v=664gUT6m3_o,VIRGO 🚨🔥 OMG… You May Never Work Again — Massive Shift Ahead | YEAR OF THE FIRE HORSE TAROT,Psychic Adrian,Irrelevant,,12,3,12 Feb 2026
https://www.youtube.com/watch?v=c1t38rS6aeI,Sweet Baby Orangutan Running Back To Mom For Comfort ! 🦧😊 #babyorangutan #chesterzoo,Ape Tracker,Irrelevant,,940,90,12 Feb 2026
https://www.youtube.com/watch?v=dqEKIgOb9lk,"Wake Up (Preview) – DJ K, Man Kane, Omega & Swayzi",AMZ STUDIO HOUSE,Irrelevant,,10,3,12 Feb 2026
https://www.youtube.com/watch?v=CepVTNqII_I,Turing Scheme live Q&A session for Higher Education applicants for the 2026 to 27 academic year,DfE Sector Comms,Irrelevant,,3,0,12 Feb 2026
https://www.youtube.com/watch?v=dMfS0snTeFY,"Friendship with Ajith, Respect for Ilaiyaraaja sir & Salute to Kanthara – Saran’s Explosive Takes! 🔥",Swan Studios,Irrelevant,,184,5,12 Feb 2026
https://www.youtube.com/watch?v=8MJS4fZ18V8,權力暗流三部曲：李克強猝逝疑雲、張又俠驟變、蔡奇急升——誰在操盤刀把子？| ByBy,ByBy,Irrelevant,,4601,55,12 Feb 2026
https://www.youtube.com/watch?v=I8m7nyoK-MQ,Beyond the Checkbox: The Power of Lived Experience in Digital Inclusion | Accessible Me,Accessible Me Ltd,Irrelevant,,3,0,12 Feb 2026
https://www.youtube.com/watch?v=uIHQYyvbluY,"AI, Podcasting, and the 2026 Future: Insights from Rob Greenley, Elizabeth Gearhart & Sonia Satra",Gear Media Studios,Irrelevant,,0,0,12 Feb 2026
https://www.youtube.com/watch?v=UoSRaLnz48U,"The PNC Podcast feat. Rod Nancarrow | Curriculum, Student Voice and the Future of Learning",PNTV,Irrelevant,,30,1,12 Feb 2026
https://www.youtube.com/watch?v=KvAhPuq-4Iw,gemini: today is the day gemini. everything has changed. it begins. / tea leaf reading asmr,ula tea leaf readings,Irrelevant,,321,51,12 Feb 2026
https://www.youtube.com/watch?v=JXrW5be8fiI,Poppy Playtime Chapter 5 - Official PROTOTYPE'S FACE Revelations with New Official Teaser PICTURES,PaninoTUBE International,Irrelevant,,7251,329,12 Feb 2026
https://www.youtube.com/watch?v=fIhQFjSk83E,"After Taking The Money, Her Family Forced Her Into Marriage With A Disabled Prince",Romance Manhwa Recap,Irrelevant,,2531,106,12 Feb 2026
https://www.youtube.com/watch?v=YHDTnFiZdgE,Contract Over—She Took $5M and Vanished. The Cold CEO Panicked and Begged her back!,Oops Drama,Irrelevant,,311,6,12 Feb 2026
https://www.youtube.com/watch?v=YKgURkrj_fk,"Naive girl turns into queen, CEO begs for return 👑 CEO's love only for her, so sweet✨💖【ENG DUB】",Solkatt Drama,Irrelevant,,417,8,12 Feb 2026
https://www.youtube.com/watch?v=Aw0dISWEabU,KILLED FOR CLOUT: The Murder of Preston Lord,Zara V,Irrelevant,,8093,726,12 Feb 2026
https://www.youtube.com/watch?v=3iM7xIbaFyA,Chica Pobre Humillada por su Familia—Revela Ser una Poderosa CEO!,Toro TV,Irrelevant,,2924,36,12 Feb 2026
https://www.youtube.com/watch?v=15F_gEaPp9E,From Millions to Trillions: The Craziest Inflation Ever Recorded,FinGrow,Irrelevant,,3,0,12 Feb 2026
https://www.youtube.com/watch?v=t7IduCQDdOg,Overnight Sensation 02丨His affair ruined her pregnancy; her revenge cost him all,CN DRAMA,Irrelevant,,69,1,12 Feb 2026
https://www.youtube.com/watch?v=HKjDP2uQEqw,I Studied Exodus 3. The Burning Bush Is Much More Than You Imagine | | Bible Story Full Movie,Cedar Word & Manna,Irrelevant,,71,3,12 Feb 2026
https://www.youtube.com/watch?v=mCBU5BiewO4,穷女孩帮老奶奶抢猪肉，却不知她是首富奶奶，报恩把她孙子介绍给我当老公，从此逆袭人生！💘 #chinese television dramas #逆袭 #爽剧 #豪门 #shortdramas,橘子TV剧场 Tangerine TV Drama,Irrelevant,,15039,163,12 Feb 2026
https://www.youtube.com/watch?v=iCfiq08saa8,Re Imagining Progress for a Depleted World,Bangalore International Centre,Irrelevant,,36,0,12 Feb 2026
https://www.youtube.com/watch?v=0hFSNK7Ot_E,How Laser Technologies Is Empowering MSMEs in Metal Forming | Future of Forming Episode 3,Machine Maker,Irrelevant,,13,0,12 Feb 2026
https://www.youtube.com/watch?v=1dM8LQruPkA,"Driving Innovation in SME Finance | HSBC on Data, Digitisation and the Future of Working Capital",Lendscape,Irrelevant,,2,0,12 Feb 2026
https://www.youtube.com/watch?v=21WlzGjxRSI,Checking Out Cool Demos (From My DMs),hotcyder,Irrelevant,,1925,185,12 Feb 2026
https://www.youtube.com/watch?v=GlKUKJ8moDk,Bigfoot,YouTube Movies,Irrelevant,,0,20,12 Feb 2026
https://www.youtube.com/watch?v=XhXKD2exhm8,Your Pain Has a Purpose You Don’t See Yet | Mufti Menk Powerful Motivation,Alpha Mindset ,Irrelevant,,48,0,12 Feb 2026
https://www.youtube.com/watch?v=xHwlkqewgPU,"Don went to find Hop to hear an explanation, but he was acting very strangely",Sìn Thương,Irrelevant,,35714,959,12 Feb 2026
https://www.youtube.com/watch?v=jLhpXpRmuRg,Developing: They Predicted ZERO Jobs for Trump – The Actual Number That Just Dropped Is UNREAL,The Next News Network,Irrelevant,,1656,128,12 Feb 2026
https://www.youtube.com/watch?v=kEQEQnubdRg,🔥新劇《她靠“操控万物”在职场封神》办公桌半夜追杀，订书机疯狂咬人。当全公司被成精物品逼疯，她突然笑了——抬手间，所有凶物温顺臣服。这才是真正的，职场掌控力。#大陸短劇#短劇 #熱門短劇 💕,Mini Drama Life 人间小剧场,Irrelevant,,124,3,12 Feb 2026
https://www.youtube.com/watch?v=fn1qIguDRoE,Quantum Gravity at Small Scales | The Bizarre Reality at the Smallest Scales of the Universe,Holographic Multiverse,Irrelevant,,35,5,12 Feb 2026
https://www.youtube.com/watch?v=f52NdFQ3ugI,灰姑娘從河裡救上來一個失憶男人，當晚全城的大佬急瘋了，原來他是商業帝國的掌門人，恢復記憶後可憐巴巴：姐姐不能不要我！#短劇 #短劇推薦 #短劇全集 #drama 梧桐短剧,梧桐短剧TOPSHORT,Irrelevant,,3414,41,12 Feb 2026
https://www.youtube.com/watch?v=VOahmPkWXoY,"Anxiety, Overthinking, Burnout? Come Back to the Present Moment with Coach Willett and Peaceful Nik",Peaceful Nik the Medium,Irrelevant,,46,5,12 Feb 2026
https://www.youtube.com/watch?v=6hTd7HX_WNw,"A palace maid cures the crown prince’s eating disorder with instant noodles, becoming his favorite!",Dynasty Drama,Irrelevant,,396,9,12 Feb 2026
https://www.youtube.com/watch?v=5VbnGpadNoQ,被生母當小三羞辱賣入妓院，豈料她是真千金！遲來親情，比草還賤！重生後霸氣斷親！#萌娃#短劇 #甜寵 #總裁 #灰姑娘# 復仇#,唯爱独播,Irrelevant,,2818,22,12 Feb 2026
https://www.youtube.com/watch?v=-Trs8lD0uNA,Este Video Te ELIGIÓ: Solo quienes están listos para cruzar verán esto hoy,Manifiesta Con El 369,Irrelevant,,987,123,12 Feb 2026
https://www.youtube.com/watch?v=ZHeyu-Iz_5o,"BMW Z4 CAT S Write OFF at 4 Mths 536 Miles, now ""Private Sale"" On Autotrader 700 Miles 3 Years Later",Barrie Crampton,Irrelevant,,0,1,12 Feb 2026
https://www.youtube.com/watch?v=TL-p_McCxy0,"AFRIKANERS DRAW THE LINE: Ernst van Zyl calls for ""Radical Normalization""",AllesAfrikaans (Beyond the Borders),Irrelevant,,3587,312,12 Feb 2026
https://www.youtube.com/watch?v=tQa6mNXcM4s,"Doomberg: Gold's New Role in A Multi-Polar World, World War 3 & The AI Singularity",Palisades Gold Radio,Irrelevant,,10102,432,12 Feb 2026
https://www.youtube.com/watch?v=vH4D4lKv5Bc,【全集】💦丈夫為了小三拋棄懷孕妻子，妻子心碎收拾行李離開，他後悔至極！#chinesedrama#短剧#樊治欣#狗血#情感#都市#豪门,小千甜剧,Irrelevant,,6537,37,12 Feb 2026
https://www.youtube.com/watch?v=jWYbCOwbVFM,女孩搬磚擺攤8年為救治植物男友被欺負，殊不知男友竟是首富繼承人，甦醒當天全球狂歡迎娶女孩！#短劇#逆襲#反轉,傲心短劇No1Drama,Irrelevant,,1133,18,12 Feb 2026
https://www.youtube.com/watch?v=f87WX2A4ZQ8,女兒重病她卻將父女兩拋棄暴雨中心疼白月光的女兒，結婚20年的情誼如同被碾碎的玻璃，他徹底斷情離婚遠走，再相遇他高不可攀，她跪地求回頭全無用！#月光招人心,竹简剧场SuperMovie,Irrelevant,,8740,85,12 Feb 2026
https://www.youtube.com/watch?v=f9Y6Wp4Nb3U,母為生我難產而逝，歸江家後，外公遭養子欺瞞，狠心將我趕出家門！ #chinesedrama  #drama #tvshow #FamilyDrama #FamilyEthics,劇愛看,Irrelevant,,458,6,12 Feb 2026
https://www.youtube.com/watch?v=bGi0yPopID8,結婚七年，她滿懷欣喜拿著懷孕報告等丈夫回家，不料等來的卻是丈夫讓情人生下孩子，她心灰意冷消失，他徹底慌了！,SmileTurn Drama,Irrelevant,,908,13,12 Feb 2026
https://www.youtube.com/watch?v=OEbqLDh-WIk,"The AI Factory Manifesto: AI Era Action Guide, Jensen Huang AI Review, Priceless Questions",Angeles HandsOn,Irrelevant,,2,0,12 Feb 2026
https://www.youtube.com/watch?v=U3Juqz73-4o,小夥本是天煞孤星，被後媽算計遇難，意外激活“改命系統”，從此一雪前恥平步青雲,暴风雪剧场,Irrelevant,,185,5,12 Feb 2026
https://www.youtube.com/watch?v=OaAPggJTZ2o,少主#白敬亭 被女王看中賜婚，小嬌妻聽後慌了，朝堂上大膽表白幫少主拒婚#chinesedrama,中剧游乐园,Irrelevant,,853,5,12 Feb 2026
https://www.youtube.com/watch?v=owIGHCcuHEg,BBC Newsround Full Headlines for Today 🗞️ | Recorded 12 February 2026 at 06:45 GMT+1 🕕 | Newsround,BBC Newsround,Irrelevant,,18,1,12 Feb 2026
https://www.youtube.com/watch?v=26ylfftNNx4,【Multi Sub】絕望寡婦意外重生到了17歲，這一次，她發誓要改寫命運，遠離渣男，守護真心愛她的人，殊不知，還有一個人也重生了…#romantic #drama,六翼星星剧场,Irrelevant,,6353,136,12 Feb 2026
https://www.youtube.com/watch?v=NGg9i6la1Nc,TWILIGHT HUNTERS: Ultimate Survival In The Deep (Full Episode) | Nature animal documentary,WILD NATURE - Nature animal documentary,Irrelevant,,3381,123,12 Feb 2026
https://www.youtube.com/watch?v=VJJlaFO74NY,"8,000 Years Ago Women Made a Choice That Erased 90",Luxury CarVibes,Irrelevant,,36,2,12 Feb 2026
https://www.youtube.com/watch?v=gp-w3qSAomw,ALGAMO - It is a molecule of the future - produced in the Czech Republic,Coffee & Logistics,Irrelevant,,9,1,12 Feb 2026
https://www.youtube.com/watch?v=8o-zpD8TXOw,Labour Party Debate - Community Policing,Angela Constance MSP,Irrelevant,,27,2,12 Feb 2026
https://www.youtube.com/watch?v=BnzAOz6kqxY,"Adoptive parents broke his leg&sent him to jail.Freed,he find his rich real family—now only revenge",Silver Wolf Drama,Irrelevant,,8478,210,12 Feb 2026
https://www.youtube.com/watch?v=Ljta16iWLBA,Transparent Wood Supply Chain (webinar recording 5 Feb 2026),Biotalouskampus,Irrelevant,,10,0,12 Feb 2026
https://www.youtube.com/watch?v=crOKuO8a5RM,He Left His Pregnant Wife Penniless and Celebrated — Until the Judge Asked One Question That Destroy, Mrs. Eleanor Tales,Irrelevant,,1598,33,12 Feb 2026
https://www.youtube.com/watch?v=d12IirNlhiM,The Secretary Series: The Systemic Level (The Architecture of Change),A Mason's Work,Irrelevant,,1,0,12 Feb 2026
